table_name,field_name,source_name,record_key,reason
core_performance_indicators_sheet,eps,600671_20251029_AR92.pdf,600671|2025Q3|2025,likely_extraction_gap
core_performance_indicators_sheet,operating_revenue_qoq_growth,600080_20230428_MMWM.pdf;600080_20230428_FQ2V.pdf,600080|2022FY|2022,likely_not_disclosed_in_source
core_performance_indicators_sheet,operating_revenue_qoq_growth,600080_20230428_PCK7.pdf,600080|2023Q1|2023,likely_extraction_gap
core_performance_indicators_sheet,operating_revenue_qoq_growth,600085_20230328_GGS9.pdf;600085_20230328_KEHR.pdf,600085|2022FY|2022,likely_not_disclosed_in_source
core_performance_indicators_sheet,operating_revenue_qoq_growth,600085_20230429_VQ9H.pdf,600085|2023Q1|2023,likely_extraction_gap
core_performance_indicators_sheet,operating_revenue_qoq_growth,600129_20230331_BTSP.pdf;600129_20230331_LJR3.pdf,600129|2022FY|2022,likely_not_disclosed_in_source
core_performance_indicators_sheet,operating_revenue_qoq_growth,600129_20230428_CBJZ.pdf,600129|2023Q1|2023,likely_extraction_gap
core_performance_indicators_sheet,operating_revenue_qoq_growth,600222_20230407_6IHZ.pdf;600222_20230407_OACL.pdf,600222|2022FY|2022,likely_not_disclosed_in_source
core_performance_indicators_sheet,operating_revenue_qoq_growth,600222_20230429_B5XY.pdf,600222|2023Q1|2023,likely_extraction_gap
core_performance_indicators_sheet,operating_revenue_qoq_growth,600252_20230329_84OV.pdf;600252_20230329_OFKW.pdf,600252|2022FY|2022,likely_not_disclosed_in_source
core_performance_indicators_sheet,operating_revenue_qoq_growth,600252_20230428_VZDI.pdf,600252|2023Q1|2023,likely_extraction_gap
core_performance_indicators_sheet,operating_revenue_qoq_growth,600285_20230426_0A88.pdf,600285|2023Q1|2023,likely_extraction_gap
core_performance_indicators_sheet,operating_revenue_qoq_growth,600285_20230426_DWDG.pdf;600285_20230426_FY7P.pdf,600285|2022FY|2022,likely_not_disclosed_in_source
core_performance_indicators_sheet,operating_revenue_qoq_growth,600329_20230401_203X.pdf;600329_20230401_2MN9.pdf,600329|2022FY|2022,likely_not_disclosed_in_source
core_performance_indicators_sheet,operating_revenue_qoq_growth,600329_20230429_9H31.pdf,600329|2023Q1|2023,likely_extraction_gap
core_performance_indicators_sheet,operating_revenue_qoq_growth,600332_20230318_TJ63.pdf;600332_20230318_QRLF.pdf,600332|2022FY|2022,likely_not_disclosed_in_source
core_performance_indicators_sheet,operating_revenue_qoq_growth,600332_20230428_LE89.pdf,600332|2023Q1|2023,likely_extraction_gap
core_performance_indicators_sheet,operating_revenue_qoq_growth,600351_20230426_9U46.pdf,600351|2023Q1|2023,likely_extraction_gap
core_performance_indicators_sheet,operating_revenue_qoq_growth,600351_20230426_ZIQK.pdf;600351_20230426_PEUQ.pdf,600351|2022FY|2022,likely_not_disclosed_in_source
core_performance_indicators_sheet,operating_revenue_qoq_growth,600422_20230323_76EI.pdf;600422_20230323_7BEZ.pdf,600422|2022FY|2022,likely_not_disclosed_in_source
core_performance_indicators_sheet,operating_revenue_qoq_growth,600422_20230428_L37Z.pdf,600422|2023Q1|2023,likely_extraction_gap
core_performance_indicators_sheet,operating_revenue_qoq_growth,600436_20230415_CHB7.pdf;600436_20230415_I64P.pdf,600436|2022FY|2022,likely_not_disclosed_in_source
core_performance_indicators_sheet,operating_revenue_qoq_growth,600436_20230415_LMRV.pdf,600436|2023Q1|2023,likely_extraction_gap
core_performance_indicators_sheet,operating_revenue_qoq_growth,600479_20230413_SBSA.pdf;600479_20230413_YXO0.pdf,600479|2022FY|2022,likely_not_disclosed_in_source
core_performance_indicators_sheet,operating_revenue_qoq_growth,600479_20230429_Z01G.pdf,600479|2023Q1|2023,likely_extraction_gap
core_performance_indicators_sheet,operating_revenue_qoq_growth,600518_20230429_1E2Y.pdf;600518_20230429_50ZJ.pdf,600518|2022FY|2022,likely_not_disclosed_in_source
core_performance_indicators_sheet,operating_revenue_qoq_growth,600518_20230429_4X38.pdf,600518|2023Q1|2023,likely_extraction_gap
core_performance_indicators_sheet,operating_revenue_qoq_growth,600535_20230328_K0MN.pdf;600535_20230328_BVJJ.pdf,600535|2022FY|2022,likely_not_disclosed_in_source
core_performance_indicators_sheet,operating_revenue_qoq_growth,600535_20230425_HBUN.pdf,600535|2023Q1|2023,likely_extraction_gap
core_performance_indicators_sheet,operating_revenue_qoq_growth,600557_20230221_SHDW.pdf;600557_20230221_7YP0.pdf,600557|2022FY|2022,likely_not_disclosed_in_source
core_performance_indicators_sheet,operating_revenue_qoq_growth,600557_20230408_891D.pdf,600557|2023Q1|2023,likely_extraction_gap
core_performance_indicators_sheet,operating_revenue_qoq_growth,600566_20230410_J6C4.pdf;600566_20230410_3HS0.pdf,600566|2022FY|2022,likely_not_disclosed_in_source
core_performance_indicators_sheet,operating_revenue_qoq_growth,600566_20230418_B2TG.pdf,600566|2023Q1|2023,likely_extraction_gap
core_performance_indicators_sheet,operating_revenue_qoq_growth,600572_20230415_NZSA.pdf;600572_20230415_RGIO.pdf,600572|2022FY|2022,likely_not_disclosed_in_source
core_performance_indicators_sheet,operating_revenue_qoq_growth,600572_20230419_G3NP.pdf,600572|2023Q1|2023,likely_extraction_gap
core_performance_indicators_sheet,operating_revenue_qoq_growth,600594_20230428_ZN0V.pdf;600594_20230428_7BRW.pdf,600594|2022FY|2022,likely_not_disclosed_in_source
core_performance_indicators_sheet,operating_revenue_qoq_growth,600594_20230428_H37S.pdf,600594|2023Q1|2023,likely_extraction_gap
core_performance_indicators_sheet,operating_revenue_qoq_growth,600613_20230429_7MPS.pdf;600613_20230429_043W.pdf,600613|2022FY|2022,likely_not_disclosed_in_source
core_performance_indicators_sheet,operating_revenue_qoq_growth,600613_20230429_NF00.pdf,600613|2023Q1|2023,likely_extraction_gap
core_performance_indicators_sheet,operating_revenue_qoq_growth,600671_20230426_4LUC.pdf,600671|2023Q1|2023,likely_extraction_gap
core_performance_indicators_sheet,operating_revenue_qoq_growth,600671_20230426_CEMZ.pdf;600671_20230426_A25A.pdf,600671|2022FY|2022,likely_not_disclosed_in_source
core_performance_indicators_sheet,operating_revenue_qoq_growth,600750_20230325_XP4Y.pdf;600750_20230325_URQ7.pdf,600750|2022FY|2022,likely_not_disclosed_in_source
core_performance_indicators_sheet,operating_revenue_qoq_growth,600750_20230427_MTAP.pdf,600750|2023Q1|2023,likely_extraction_gap
core_performance_indicators_sheet,operating_revenue_qoq_growth,600771_20230422_NKU3.pdf;600771_20230422_7PR2.pdf,600771|2022FY|2022,likely_not_disclosed_in_source
core_performance_indicators_sheet,operating_revenue_qoq_growth,600771_20230427_AYUN.pdf,600771|2023Q1|2023,likely_extraction_gap
core_performance_indicators_sheet,operating_revenue_qoq_growth,600976_20230315_SISK.pdf;600976_20230315_O766.pdf,600976|2022FY|2022,likely_not_disclosed_in_source
core_performance_indicators_sheet,operating_revenue_qoq_growth,600976_20230418_IGTA.pdf,600976|2023Q1|2023,likely_extraction_gap
core_performance_indicators_sheet,operating_revenue_qoq_growth,600993_20230408_UT9H.pdf;600993_20230408_VYYL.pdf,600993|2022FY|2022,likely_not_disclosed_in_source
core_performance_indicators_sheet,operating_revenue_qoq_growth,600993_20230429_X9OP.pdf,600993|2023Q1|2023,likely_extraction_gap
core_performance_indicators_sheet,operating_revenue_qoq_growth,603139_20230429_6QJN.pdf;603139_20230429_0D4H.pdf,603139|2022FY|2022,likely_not_disclosed_in_source
core_performance_indicators_sheet,operating_revenue_qoq_growth,603139_20230429_3U66.pdf,603139|2023Q1|2023,likely_extraction_gap
core_performance_indicators_sheet,operating_revenue_qoq_growth,603439_20230415_XDNU.pdf;603439_20230415_BB48.pdf,603439|2022FY|2022,likely_not_disclosed_in_source
core_performance_indicators_sheet,operating_revenue_qoq_growth,603439_20230429_KSL8.pdf,603439|2023Q1|2023,likely_extraction_gap
core_performance_indicators_sheet,operating_revenue_qoq_growth,603567_20230429_MIIG.pdf;603567_20230429_WTU3.pdf,603567|2022FY|2022,likely_not_disclosed_in_source
core_performance_indicators_sheet,operating_revenue_qoq_growth,603567_20230429_USN4.pdf,603567|2023Q1|2023,likely_extraction_gap
core_performance_indicators_sheet,operating_revenue_qoq_growth,603858_20230428_6PPA.pdf,603858|2023Q1|2023,likely_extraction_gap
core_performance_indicators_sheet,operating_revenue_qoq_growth,603858_20230428_JFSE.pdf;603858_20230428_XUZT.pdf,603858|2022FY|2022,likely_not_disclosed_in_source
core_performance_indicators_sheet,operating_revenue_qoq_growth,603896_20230419_WHL7.pdf;603896_20230419_3OTV.pdf,603896|2022FY|2022,likely_not_disclosed_in_source
core_performance_indicators_sheet,operating_revenue_qoq_growth,603896_20230428_QP3R.pdf,603896|2023Q1|2023,likely_extraction_gap
core_performance_indicators_sheet,operating_revenue_qoq_growth,603998_20230331_2M4M.pdf;603998_20230331_79SF.pdf,603998|2022FY|2022,likely_not_disclosed_in_source
core_performance_indicators_sheet,operating_revenue_qoq_growth,603998_20230421_3TUN.pdf,603998|2023Q1|2023,likely_extraction_gap
core_performance_indicators_sheet,operating_revenue_qoq_growth,万邦德：2022年年度报告.pdf;万邦德：2022年年度报告摘要.pdf,002082|2022FY|2022,likely_not_disclosed_in_source
core_performance_indicators_sheet,operating_revenue_qoq_growth,万邦德：2023年一季度报告.pdf,002082|2023Q1|2023,likely_extraction_gap
core_performance_indicators_sheet,operating_revenue_qoq_growth,东阿阿胶：2022年年度报告摘要.pdf;东阿阿胶：2022年年度报告.pdf,000423|2022FY|2022,likely_not_disclosed_in_source
core_performance_indicators_sheet,operating_revenue_qoq_growth,东阿阿胶：2023年一季度报告.pdf,000423|2023Q1|2023,likely_extraction_gap
core_performance_indicators_sheet,operating_revenue_qoq_growth,九 芝 堂：2022年年度报告.pdf;九 芝 堂：2022年年度报告摘要.pdf,000989|2022FY|2022,likely_not_disclosed_in_source
core_performance_indicators_sheet,operating_revenue_qoq_growth,九 芝 堂：2023年一季度报告.pdf,000989|2023Q1|2023,likely_extraction_gap
core_performance_indicators_sheet,operating_revenue_qoq_growth,九芝堂：2025年三季度报告.pdf,000989|2025Q3|2025,likely_extraction_gap
core_performance_indicators_sheet,operating_revenue_qoq_growth,九芝堂：2025年半年度报告.pdf;九芝堂：2025年半年度报告摘要.pdf,000989|2025H1|2025,likely_not_disclosed_in_source
core_performance_indicators_sheet,operating_revenue_qoq_growth,云南白药：2022年年度报告.pdf;云南白药：2022年年度报告摘要.pdf,000538|2022FY|2022,likely_not_disclosed_in_source
core_performance_indicators_sheet,operating_revenue_qoq_growth,云南白药：2023年一季度报告.pdf,000538|2023Q1|2023,likely_extraction_gap
core_performance_indicators_sheet,operating_revenue_qoq_growth,仁和药业：2022年年度报告.pdf;仁和药业：2022年年度报告摘要.pdf,000650|2022FY|2022,likely_not_disclosed_in_source
core_performance_indicators_sheet,operating_revenue_qoq_growth,仁和药业：2023年一季度报告.pdf,000650|2023Q1|2023,likely_extraction_gap
core_performance_indicators_sheet,operating_revenue_qoq_growth,以岭药业：2022年年度报告.pdf;以岭药业：2022年年度报告摘要.pdf,002603|2022FY|2022,likely_not_disclosed_in_source
core_performance_indicators_sheet,operating_revenue_qoq_growth,以岭药业：2023年一季度报告.pdf,002603|2023Q1|2023,likely_extraction_gap
core_performance_indicators_sheet,operating_revenue_qoq_growth,以岭药业：2025年一季度报告.pdf,002603|2025Q1|2025,likely_extraction_gap
core_performance_indicators_sheet,operating_revenue_qoq_growth,众生药业：2022年年度报告.pdf;众生药业：2022年年度报告摘要.pdf,002317|2022FY|2022,likely_not_disclosed_in_source
core_performance_indicators_sheet,operating_revenue_qoq_growth,众生药业：2023年一季度报告.pdf,002317|2023Q1|2023,likely_extraction_gap
core_performance_indicators_sheet,operating_revenue_qoq_growth,佐力药业：2022年年度报告摘要.pdf;佐力药业：2022年年度报告（更新后）.pdf,300181|2022FY|2022,likely_not_disclosed_in_source
core_performance_indicators_sheet,operating_revenue_qoq_growth,佐力药业：2023年一季度报告.pdf,300181|2023Q1|2023,likely_extraction_gap
core_performance_indicators_sheet,operating_revenue_qoq_growth,信邦制药：2022年年度报告.pdf;信邦制药：2022年年度报告摘要.pdf,002390|2022FY|2022,likely_not_disclosed_in_source
core_performance_indicators_sheet,operating_revenue_qoq_growth,信邦制药：2023年一季度报告.pdf,002390|2023Q1|2023,likely_extraction_gap
core_performance_indicators_sheet,operating_revenue_qoq_growth,华森制药：2022年年度报告.pdf;华森制药：2022年年度报告摘要.pdf,002907|2022FY|2022,likely_not_disclosed_in_source
core_performance_indicators_sheet,operating_revenue_qoq_growth,华森制药：2023年一季度报告.pdf,002907|2023Q1|2023,likely_extraction_gap
core_performance_indicators_sheet,operating_revenue_qoq_growth,华润三九：2022年年度报告.pdf;华润三九：2022年年度报告摘要.pdf,000999|2022FY|2022,likely_not_disclosed_in_source
core_performance_indicators_sheet,operating_revenue_qoq_growth,华润三九：2023年一季度报告.pdf,000999|2023Q1|2023,likely_extraction_gap
core_performance_indicators_sheet,operating_revenue_qoq_growth,华神科技：2022年年度报告.pdf;华神科技：2022年年度报告摘要.pdf,000790|2022FY|2022,likely_not_disclosed_in_source
core_performance_indicators_sheet,operating_revenue_qoq_growth,华神科技：2023年一季度报告.pdf,000790|2023Q1|2023,likely_extraction_gap
core_performance_indicators_sheet,operating_revenue_qoq_growth,启迪药业：启迪药业2022年年度报告全文（更正后）.pdf;启迪药业：2022年年度报告摘要.pdf,000590|2022FY|2022,likely_not_disclosed_in_source
core_performance_indicators_sheet,operating_revenue_qoq_growth,启迪药业：2023年一季度报告.pdf,000590|2023Q1|2023,likely_extraction_gap
core_performance_indicators_sheet,operating_revenue_qoq_growth,嘉应制药：2022年年度报告摘要.pdf;嘉应制药：2022年年度报告.pdf,002198|2022FY|2022,likely_not_disclosed_in_source
core_performance_indicators_sheet,operating_revenue_qoq_growth,嘉应制药：2023年一季度报告.pdf,002198|2023Q1|2023,likely_extraction_gap
core_performance_indicators_sheet,operating_revenue_qoq_growth,奇正藏药：2022年年度报告（更新后）.pdf;奇正藏药：2022年年度报告摘要.pdf,002287|2022FY|2022,likely_not_disclosed_in_source
core_performance_indicators_sheet,operating_revenue_qoq_growth,奇正藏药：2023年一季度报告.pdf,002287|2023Q1|2023,likely_extraction_gap
core_performance_indicators_sheet,operating_revenue_qoq_growth,康弘药业：2022年年度报告.pdf;康弘药业：2022年年度报告摘要.pdf,002773|2022FY|2022,likely_not_disclosed_in_source
core_performance_indicators_sheet,operating_revenue_qoq_growth,康弘药业：2023年一季度报告.pdf,002773|2023Q1|2023,likely_extraction_gap
core_performance_indicators_sheet,operating_revenue_qoq_growth,康泰医学：2022年年度报告.pdf;康泰医学：2022年年度报告摘要.pdf,300869|2022FY|2022,likely_not_disclosed_in_source
core_performance_indicators_sheet,operating_revenue_qoq_growth,康泰医学：2023年一季度报告.pdf,300869|2023Q1|2023,likely_extraction_gap
core_performance_indicators_sheet,operating_revenue_qoq_growth,恩威医药：2022年年度报告.pdf;恩威医药：2022年年度报告摘要.pdf,301331|2022FY|2022,likely_not_disclosed_in_source
core_performance_indicators_sheet,operating_revenue_qoq_growth,恩威医药：2023年一季度报告.pdf,301331|2023Q1|2023,likely_extraction_gap
core_performance_indicators_sheet,operating_revenue_qoq_growth,振东制药：2022年年度报告.pdf;振东制药：2022年年度报告摘要.pdf,300158|2022FY|2022,likely_not_disclosed_in_source
core_performance_indicators_sheet,operating_revenue_qoq_growth,振东制药：2023年一季度报告.pdf,300158|2023Q1|2023,likely_extraction_gap
core_performance_indicators_sheet,operating_revenue_qoq_growth,新光药业：2022年年度报告全文（更正后）.pdf;新光药业：2022年年度报告摘要.pdf,300519|2022FY|2022,likely_not_disclosed_in_source
core_performance_indicators_sheet,operating_revenue_qoq_growth,新光药业：2023年一季度报告.pdf,300519|2023Q1|2023,likely_extraction_gap
core_performance_indicators_sheet,operating_revenue_qoq_growth,新天药业：2022年年度报告.pdf;新天药业：2022年年度报告摘要.pdf,002873|2022FY|2022,likely_not_disclosed_in_source
core_performance_indicators_sheet,operating_revenue_qoq_growth,新天药业：2023年一季度报告.pdf,002873|2023Q1|2023,likely_extraction_gap
core_performance_indicators_sheet,operating_revenue_qoq_growth,新里程：2022年年度报告.pdf;新里程：2022年年度报告摘要.pdf,002219|2022FY|2022,likely_not_disclosed_in_source
core_performance_indicators_sheet,operating_revenue_qoq_growth,新里程：2023年一季度报告.pdf,002219|2023Q1|2023,likely_extraction_gap
core_performance_indicators_sheet,operating_revenue_qoq_growth,桂林三金：2022年年度报告.pdf;桂林三金：2022年年度报告摘要.pdf,002275|2022FY|2022,likely_not_disclosed_in_source
core_performance_indicators_sheet,operating_revenue_qoq_growth,桂林三金：2023年一季度报告.pdf,002275|2023Q1|2023,likely_extraction_gap
core_performance_indicators_sheet,operating_revenue_qoq_growth,沃华医药：2022年年度报告.pdf;沃华医药：2022年年度报告摘要.pdf,002107|2022FY|2022,likely_not_disclosed_in_source
core_performance_indicators_sheet,operating_revenue_qoq_growth,沃华医药：2023年一季度报告.pdf,002107|2023Q1|2023,likely_extraction_gap
core_performance_indicators_sheet,operating_revenue_qoq_growth,特一药业：2022年年度报告.pdf;特一药业：2022年年度报告摘要.pdf,002728|2022FY|2022,likely_not_disclosed_in_source
core_performance_indicators_sheet,operating_revenue_qoq_growth,特一药业：2023年一季度报告.pdf,002728|2023Q1|2023,likely_extraction_gap
core_performance_indicators_sheet,operating_revenue_qoq_growth,瑞康医药：2022年年度报告.pdf;瑞康医药：2022年年度报告摘要.pdf,002589|2022FY|2022,likely_not_disclosed_in_source
core_performance_indicators_sheet,operating_revenue_qoq_growth,瑞康医药：2023年一季度报告.pdf,002589|2023Q1|2023,likely_extraction_gap
core_performance_indicators_sheet,operating_revenue_qoq_growth,益盛药业：2022年年度报告.pdf;益盛药业：2022年年度报告摘要.pdf,002566|2022FY|2022,likely_not_disclosed_in_source
core_performance_indicators_sheet,operating_revenue_qoq_growth,益盛药业：2023年一季度报告.pdf,002566|2023Q1|2023,likely_extraction_gap
core_performance_indicators_sheet,operating_revenue_qoq_growth,盘龙药业：2022年年度报告（更正后）.pdf;盘龙药业：2022年年度报告摘要（更正后）.pdf,002864|2022FY|2022,likely_not_disclosed_in_source
core_performance_indicators_sheet,operating_revenue_qoq_growth,盘龙药业：2023年一季度报告.pdf,002864|2023Q1|2023,likely_extraction_gap
core_performance_indicators_sheet,operating_revenue_qoq_growth,粤万年青：2022年年度报告.pdf;粤万年青：2022年年度报告摘要.pdf,301111|2022FY|2022,likely_not_disclosed_in_source
core_performance_indicators_sheet,operating_revenue_qoq_growth,粤万年青：2023年一季度报告.pdf,301111|2023Q1|2023,likely_extraction_gap
core_performance_indicators_sheet,operating_revenue_qoq_growth,精华制药：2022年年度报告.pdf;精华制药：2022年年度报告摘要.pdf,002349|2022FY|2022,likely_not_disclosed_in_source
core_performance_indicators_sheet,operating_revenue_qoq_growth,精华制药：2023年一季度报告.pdf,002349|2023Q1|2023,likely_extraction_gap
core_performance_indicators_sheet,operating_revenue_qoq_growth,红日药业：2022年年度报告.pdf;红日药业：2022年年度报告摘要.pdf,300026|2022FY|2022,likely_not_disclosed_in_source
core_performance_indicators_sheet,operating_revenue_qoq_growth,红日药业：2023年一季度报告.pdf,300026|2023Q1|2023,likely_extraction_gap
core_performance_indicators_sheet,operating_revenue_qoq_growth,维康药业：2022年第三季度报告（更新后）.pdf,300878|2022Q3|2022,likely_extraction_gap
core_performance_indicators_sheet,operating_revenue_qoq_growth,维康药业：2022年年度报告.pdf;维康药业：2022年年度报告摘要.pdf,300878|2022FY|2022,likely_not_disclosed_in_source
core_performance_indicators_sheet,operating_revenue_qoq_growth,莱茵生物：2022年年度报告.pdf;莱茵生物：2022年年度报告摘要.pdf,002166|2022FY|2022,likely_not_disclosed_in_source
core_performance_indicators_sheet,operating_revenue_qoq_growth,莱茵生物：2023年一季度报告.pdf,002166|2023Q1|2023,likely_extraction_gap
core_performance_indicators_sheet,operating_revenue_qoq_growth,葵花药业：2022年年度报告.pdf;葵花药业：2022年年度报告摘要.pdf,002737|2022FY|2022,likely_not_disclosed_in_source
core_performance_indicators_sheet,operating_revenue_qoq_growth,葵花药业：2023年一季度报告.pdf,002737|2023Q1|2023,likely_extraction_gap
core_performance_indicators_sheet,operating_revenue_qoq_growth,贵州百灵：2022年年度报告.pdf;贵州百灵：2022年年度报告摘要.pdf,002424|2022FY|2022,likely_not_disclosed_in_source
core_performance_indicators_sheet,operating_revenue_qoq_growth,贵州百灵：2023年一季度报告.pdf,002424|2023Q1|2023,likely_extraction_gap
core_performance_indicators_sheet,operating_revenue_qoq_growth,贵州百灵：2025年三季度报告.pdf,002424|2025Q3|2025,likely_extraction_gap
core_performance_indicators_sheet,operating_revenue_qoq_growth,贵州百灵：2025年半年度报告.pdf;贵州百灵：2025年半年度报告摘要.pdf,002424|2025H1|2025,likely_not_disclosed_in_source
core_performance_indicators_sheet,operating_revenue_qoq_growth,赛隆药业：2022年年度报告.pdf;赛隆药业：2022年年度报告摘要.pdf,002898|2022FY|2022,likely_not_disclosed_in_source
core_performance_indicators_sheet,operating_revenue_qoq_growth,赛隆药业：2023年一季度报告.pdf,002898|2023Q1|2023,likely_extraction_gap
core_performance_indicators_sheet,operating_revenue_qoq_growth,通化金马：2022年年度报告.pdf;通化金马：2022年年度报告摘要.pdf,000766|2022FY|2022,likely_not_disclosed_in_source
core_performance_indicators_sheet,operating_revenue_qoq_growth,通化金马：2023年一季度报告.pdf,000766|2023Q1|2023,likely_extraction_gap
core_performance_indicators_sheet,operating_revenue_qoq_growth,长药控股：2022年年度报告.pdf;长药控股：2022年年度报告摘要.pdf,300391|2022FY|2022,likely_not_disclosed_in_source
core_performance_indicators_sheet,operating_revenue_qoq_growth,长药控股：2023年一季度报告.pdf,300391|2023Q1|2023,likely_extraction_gap
core_performance_indicators_sheet,operating_revenue_qoq_growth,陇神戎发：2022年年度报告全文（更正后）.pdf;陇神戎发：2022年年度报告摘要.pdf,300534|2022FY|2022,likely_not_disclosed_in_source
core_performance_indicators_sheet,operating_revenue_qoq_growth,陇神戎发：2023年一季度报告.pdf,300534|2023Q1|2023,likely_extraction_gap
core_performance_indicators_sheet,operating_revenue_qoq_growth,香雪制药：2022年年度报告摘要.pdf;香雪制药：2022年年度报告.pdf,300147|2022FY|2022,likely_not_disclosed_in_source
core_performance_indicators_sheet,operating_revenue_qoq_growth,香雪制药：2023年一季度报告.pdf,300147|2023Q1|2023,likely_extraction_gap
core_performance_indicators_sheet,net_profit_yoy_growth,600222_20230407_6IHZ.pdf;600222_20230407_OACL.pdf,600222|2022FY|2022,likely_extraction_gap
core_performance_indicators_sheet,net_profit_yoy_growth,603139_20250429_3IM9.pdf,603139|2025Q1|2025,likely_extraction_gap
core_performance_indicators_sheet,net_profit_yoy_growth,嘉应制药：2022年年度报告摘要.pdf;嘉应制药：2022年年度报告.pdf,002198|2022FY|2022,likely_extraction_gap
core_performance_indicators_sheet,net_profit_yoy_growth,振东制药：2024年一季度报告.pdf,300158|2024Q1|2024,likely_extraction_gap
core_performance_indicators_sheet,net_profit_yoy_growth,振东制药：2024年年度报告.pdf;振东制药：2024年年度报告摘要.pdf,300158|2024FY|2024,likely_extraction_gap
core_performance_indicators_sheet,net_profit_yoy_growth,特一药业：2025年半年度报告.pdf;特一药业：2025年半年度报告摘要.pdf,002728|2025H1|2025,likely_extraction_gap
core_performance_indicators_sheet,net_profit_yoy_growth,维康药业：2024年年度报告.pdf;维康药业：2024年年度报告摘要.pdf,300878|2024FY|2024,likely_extraction_gap
core_performance_indicators_sheet,net_profit_yoy_growth,长药控股：2023年年度报告.pdf;长药控股：2023年年度报告摘要.pdf,300391|2023FY|2023,likely_extraction_gap
core_performance_indicators_sheet,net_profit_qoq_growth,600080_20230428_MMWM.pdf;600080_20230428_FQ2V.pdf,600080|2022FY|2022,likely_not_disclosed_in_source
core_performance_indicators_sheet,net_profit_qoq_growth,600080_20230428_PCK7.pdf,600080|2023Q1|2023,likely_extraction_gap
core_performance_indicators_sheet,net_profit_qoq_growth,600080_20240427_0WKP.pdf;600080_20240427_W39O.pdf,600080|2023FY|2023,likely_not_disclosed_in_source
core_performance_indicators_sheet,net_profit_qoq_growth,600085_20230328_GGS9.pdf;600085_20230328_KEHR.pdf,600085|2022FY|2022,likely_not_disclosed_in_source
core_performance_indicators_sheet,net_profit_qoq_growth,600085_20230429_VQ9H.pdf,600085|2023Q1|2023,likely_extraction_gap
core_performance_indicators_sheet,net_profit_qoq_growth,600129_20230331_BTSP.pdf;600129_20230331_LJR3.pdf,600129|2022FY|2022,likely_not_disclosed_in_source
core_performance_indicators_sheet,net_profit_qoq_growth,600129_20230428_CBJZ.pdf,600129|2023Q1|2023,likely_extraction_gap
core_performance_indicators_sheet,net_profit_qoq_growth,600129_20250329_NDLU.pdf;600129_20250329_6WBA.pdf,600129|2024FY|2024,likely_not_disclosed_in_source
core_performance_indicators_sheet,net_profit_qoq_growth,600222_20230407_6IHZ.pdf;600222_20230407_OACL.pdf,600222|2022FY|2022,likely_not_disclosed_in_source
core_performance_indicators_sheet,net_profit_qoq_growth,600222_20230429_B5XY.pdf,600222|2023Q1|2023,likely_extraction_gap
core_performance_indicators_sheet,net_profit_qoq_growth,600222_20230819_T4D5.pdf;600222_20230819_G5RZ.pdf,600222|2023H1|2023,likely_not_disclosed_in_source
core_performance_indicators_sheet,net_profit_qoq_growth,600222_20250827_MDA8.pdf;600222_20250827_JM77.pdf,600222|2025H1|2025,likely_not_disclosed_in_source
core_performance_indicators_sheet,net_profit_qoq_growth,600252_20230329_84OV.pdf;600252_20230329_OFKW.pdf,600252|2022FY|2022,likely_not_disclosed_in_source
core_performance_indicators_sheet,net_profit_qoq_growth,600252_20230428_VZDI.pdf,600252|2023Q1|2023,likely_extraction_gap
core_performance_indicators_sheet,net_profit_qoq_growth,600252_20250329_1620.pdf;600252_20250329_7P2G.pdf,600252|2024FY|2024,likely_not_disclosed_in_source
core_performance_indicators_sheet,net_profit_qoq_growth,600285_20230426_0A88.pdf,600285|2023Q1|2023,likely_extraction_gap
core_performance_indicators_sheet,net_profit_qoq_growth,600285_20230426_DWDG.pdf;600285_20230426_FY7P.pdf,600285|2022FY|2022,likely_not_disclosed_in_source
core_performance_indicators_sheet,net_profit_qoq_growth,600329_20230401_203X.pdf;600329_20230401_2MN9.pdf,600329|2022FY|2022,likely_not_disclosed_in_source
core_performance_indicators_sheet,net_profit_qoq_growth,600329_20230429_9H31.pdf,600329|2023Q1|2023,likely_extraction_gap
core_performance_indicators_sheet,net_profit_qoq_growth,600332_20230318_TJ63.pdf;600332_20230318_QRLF.pdf,600332|2022FY|2022,likely_not_disclosed_in_source
core_performance_indicators_sheet,net_profit_qoq_growth,600332_20230428_LE89.pdf,600332|2023Q1|2023,likely_extraction_gap
core_performance_indicators_sheet,net_profit_qoq_growth,600351_20230426_9U46.pdf,600351|2023Q1|2023,likely_extraction_gap
core_performance_indicators_sheet,net_profit_qoq_growth,600351_20230426_ZIQK.pdf;600351_20230426_PEUQ.pdf,600351|2022FY|2022,likely_not_disclosed_in_source
core_performance_indicators_sheet,net_profit_qoq_growth,600351_20250426_KVA2.pdf,600351|2025Q1|2025,likely_extraction_gap
core_performance_indicators_sheet,net_profit_qoq_growth,600422_20230323_76EI.pdf;600422_20230323_7BEZ.pdf,600422|2022FY|2022,likely_not_disclosed_in_source
core_performance_indicators_sheet,net_profit_qoq_growth,600422_20230428_L37Z.pdf,600422|2023Q1|2023,likely_extraction_gap
core_performance_indicators_sheet,net_profit_qoq_growth,600436_20230415_CHB7.pdf;600436_20230415_I64P.pdf,600436|2022FY|2022,likely_not_disclosed_in_source
core_performance_indicators_sheet,net_profit_qoq_growth,600436_20230415_LMRV.pdf,600436|2023Q1|2023,likely_extraction_gap
core_performance_indicators_sheet,net_profit_qoq_growth,600479_20230413_SBSA.pdf;600479_20230413_YXO0.pdf,600479|2022FY|2022,likely_not_disclosed_in_source
core_performance_indicators_sheet,net_profit_qoq_growth,600479_20230429_Z01G.pdf,600479|2023Q1|2023,likely_extraction_gap
core_performance_indicators_sheet,net_profit_qoq_growth,600518_20230429_1E2Y.pdf;600518_20230429_50ZJ.pdf,600518|2022FY|2022,likely_not_disclosed_in_source
core_performance_indicators_sheet,net_profit_qoq_growth,600518_20230429_4X38.pdf,600518|2023Q1|2023,likely_extraction_gap
core_performance_indicators_sheet,net_profit_qoq_growth,600518_20240413_YIHG.pdf;600518_20240413_S7F8.pdf,600518|2023FY|2023,likely_not_disclosed_in_source
core_performance_indicators_sheet,net_profit_qoq_growth,600535_20230328_K0MN.pdf;600535_20230328_BVJJ.pdf,600535|2022FY|2022,likely_not_disclosed_in_source
core_performance_indicators_sheet,net_profit_qoq_growth,600535_20230425_HBUN.pdf,600535|2023Q1|2023,likely_extraction_gap
core_performance_indicators_sheet,net_profit_qoq_growth,600557_20230221_SHDW.pdf;600557_20230221_7YP0.pdf,600557|2022FY|2022,likely_not_disclosed_in_source
core_performance_indicators_sheet,net_profit_qoq_growth,600557_20230408_891D.pdf,600557|2023Q1|2023,likely_extraction_gap
core_performance_indicators_sheet,net_profit_qoq_growth,600566_20230410_J6C4.pdf;600566_20230410_3HS0.pdf,600566|2022FY|2022,likely_not_disclosed_in_source
core_performance_indicators_sheet,net_profit_qoq_growth,600566_20230418_B2TG.pdf,600566|2023Q1|2023,likely_extraction_gap
core_performance_indicators_sheet,net_profit_qoq_growth,600572_20230415_NZSA.pdf;600572_20230415_RGIO.pdf,600572|2022FY|2022,likely_not_disclosed_in_source
core_performance_indicators_sheet,net_profit_qoq_growth,600572_20230419_G3NP.pdf,600572|2023Q1|2023,likely_extraction_gap
core_performance_indicators_sheet,net_profit_qoq_growth,600594_20230428_ZN0V.pdf;600594_20230428_7BRW.pdf,600594|2022FY|2022,likely_not_disclosed_in_source
core_performance_indicators_sheet,net_profit_qoq_growth,600594_20230428_H37S.pdf,600594|2023Q1|2023,likely_extraction_gap
core_performance_indicators_sheet,net_profit_qoq_growth,600613_20230429_7MPS.pdf;600613_20230429_043W.pdf,600613|2022FY|2022,likely_not_disclosed_in_source
core_performance_indicators_sheet,net_profit_qoq_growth,600613_20230429_NF00.pdf,600613|2023Q1|2023,likely_extraction_gap
core_performance_indicators_sheet,net_profit_qoq_growth,600671_20230426_4LUC.pdf,600671|2023Q1|2023,likely_extraction_gap
core_performance_indicators_sheet,net_profit_qoq_growth,600671_20230426_CEMZ.pdf;600671_20230426_A25A.pdf,600671|2022FY|2022,likely_not_disclosed_in_source
core_performance_indicators_sheet,net_profit_qoq_growth,600750_20230325_XP4Y.pdf;600750_20230325_URQ7.pdf,600750|2022FY|2022,likely_not_disclosed_in_source
core_performance_indicators_sheet,net_profit_qoq_growth,600750_20230427_MTAP.pdf,600750|2023Q1|2023,likely_extraction_gap
core_performance_indicators_sheet,net_profit_qoq_growth,600771_20230422_NKU3.pdf;600771_20230422_7PR2.pdf,600771|2022FY|2022,likely_not_disclosed_in_source
core_performance_indicators_sheet,net_profit_qoq_growth,600771_20230427_AYUN.pdf,600771|2023Q1|2023,likely_extraction_gap
core_performance_indicators_sheet,net_profit_qoq_growth,600771_20231025_E2OJ.pdf,600771|2023Q3|2023,likely_extraction_gap
core_performance_indicators_sheet,net_profit_qoq_growth,600771_20250425_T30S.pdf,600771|2025Q1|2025,likely_extraction_gap
core_performance_indicators_sheet,net_profit_qoq_growth,600976_20230315_SISK.pdf;600976_20230315_O766.pdf,600976|2022FY|2022,likely_not_disclosed_in_source
core_performance_indicators_sheet,net_profit_qoq_growth,600976_20230418_IGTA.pdf,600976|2023Q1|2023,likely_extraction_gap
core_performance_indicators_sheet,net_profit_qoq_growth,600993_20230408_UT9H.pdf;600993_20230408_VYYL.pdf,600993|2022FY|2022,likely_not_disclosed_in_source
core_performance_indicators_sheet,net_profit_qoq_growth,600993_20230429_X9OP.pdf,600993|2023Q1|2023,likely_extraction_gap
core_performance_indicators_sheet,net_profit_qoq_growth,603139_20230429_6QJN.pdf;603139_20230429_0D4H.pdf,603139|2022FY|2022,likely_not_disclosed_in_source
core_performance_indicators_sheet,net_profit_qoq_growth,603139_20230429_3U66.pdf,603139|2023Q1|2023,likely_extraction_gap
core_performance_indicators_sheet,net_profit_qoq_growth,603139_20240830_1JDB.pdf;603139_20240830_O1B3.pdf,603139|2024H1|2024,likely_not_disclosed_in_source
core_performance_indicators_sheet,net_profit_qoq_growth,603439_20230415_XDNU.pdf;603439_20230415_BB48.pdf,603439|2022FY|2022,likely_not_disclosed_in_source
core_performance_indicators_sheet,net_profit_qoq_growth,603439_20230429_KSL8.pdf,603439|2023Q1|2023,likely_extraction_gap
core_performance_indicators_sheet,net_profit_qoq_growth,603567_20230429_MIIG.pdf;603567_20230429_WTU3.pdf,603567|2022FY|2022,likely_not_disclosed_in_source
core_performance_indicators_sheet,net_profit_qoq_growth,603567_20230429_USN4.pdf,603567|2023Q1|2023,likely_extraction_gap
core_performance_indicators_sheet,net_profit_qoq_growth,603567_20240430_FV7M.pdf,603567|2024Q1|2024,likely_extraction_gap
core_performance_indicators_sheet,net_profit_qoq_growth,603858_20230428_6PPA.pdf,603858|2023Q1|2023,likely_extraction_gap
core_performance_indicators_sheet,net_profit_qoq_growth,603858_20230428_JFSE.pdf;603858_20230428_XUZT.pdf,603858|2022FY|2022,likely_not_disclosed_in_source
core_performance_indicators_sheet,net_profit_qoq_growth,603858_20250426_YFCQ.pdf;603858_20250426_XDK6.pdf,603858|2024FY|2024,likely_not_disclosed_in_source
core_performance_indicators_sheet,net_profit_qoq_growth,603896_20230419_WHL7.pdf;603896_20230419_3OTV.pdf,603896|2022FY|2022,likely_not_disclosed_in_source
core_performance_indicators_sheet,net_profit_qoq_growth,603896_20230428_QP3R.pdf,603896|2023Q1|2023,likely_extraction_gap
core_performance_indicators_sheet,net_profit_qoq_growth,603998_20230331_2M4M.pdf;603998_20230331_79SF.pdf,603998|2022FY|2022,likely_not_disclosed_in_source
core_performance_indicators_sheet,net_profit_qoq_growth,603998_20230421_3TUN.pdf,603998|2023Q1|2023,likely_extraction_gap
core_performance_indicators_sheet,net_profit_qoq_growth,万邦德：2022年年度报告.pdf;万邦德：2022年年度报告摘要.pdf,002082|2022FY|2022,likely_not_disclosed_in_source
core_performance_indicators_sheet,net_profit_qoq_growth,万邦德：2023年一季度报告.pdf,002082|2023Q1|2023,likely_extraction_gap
core_performance_indicators_sheet,net_profit_qoq_growth,万邦德：2023年三季度报告.pdf,002082|2023Q3|2023,likely_extraction_gap
core_performance_indicators_sheet,net_profit_qoq_growth,东阿阿胶：2022年年度报告摘要.pdf;东阿阿胶：2022年年度报告.pdf,000423|2022FY|2022,likely_not_disclosed_in_source
core_performance_indicators_sheet,net_profit_qoq_growth,东阿阿胶：2023年一季度报告.pdf,000423|2023Q1|2023,likely_extraction_gap
core_performance_indicators_sheet,net_profit_qoq_growth,九 芝 堂：2022年年度报告.pdf;九 芝 堂：2022年年度报告摘要.pdf,000989|2022FY|2022,likely_not_disclosed_in_source
core_performance_indicators_sheet,net_profit_qoq_growth,九 芝 堂：2023年一季度报告.pdf,000989|2023Q1|2023,likely_extraction_gap
core_performance_indicators_sheet,net_profit_qoq_growth,九 芝 堂：2024年一季度报告.pdf,000989|2024Q1|2024,likely_extraction_gap
core_performance_indicators_sheet,net_profit_qoq_growth,九芝堂：2025年三季度报告.pdf,000989|2025Q3|2025,likely_extraction_gap
core_performance_indicators_sheet,net_profit_qoq_growth,九芝堂：2025年半年度报告.pdf;九芝堂：2025年半年度报告摘要.pdf,000989|2025H1|2025,likely_not_disclosed_in_source
core_performance_indicators_sheet,net_profit_qoq_growth,云南白药：2022年年度报告.pdf;云南白药：2022年年度报告摘要.pdf,000538|2022FY|2022,likely_not_disclosed_in_source
core_performance_indicators_sheet,net_profit_qoq_growth,云南白药：2023年一季度报告.pdf,000538|2023Q1|2023,likely_extraction_gap
core_performance_indicators_sheet,net_profit_qoq_growth,云南白药：2024年一季度报告.pdf,000538|2024Q1|2024,likely_extraction_gap
core_performance_indicators_sheet,net_profit_qoq_growth,仁和药业：2022年年度报告.pdf;仁和药业：2022年年度报告摘要.pdf,000650|2022FY|2022,likely_not_disclosed_in_source
core_performance_indicators_sheet,net_profit_qoq_growth,仁和药业：2023年一季度报告.pdf,000650|2023Q1|2023,likely_extraction_gap
core_performance_indicators_sheet,net_profit_qoq_growth,以岭药业：2022年年度报告.pdf;以岭药业：2022年年度报告摘要.pdf,002603|2022FY|2022,likely_not_disclosed_in_source
core_performance_indicators_sheet,net_profit_qoq_growth,以岭药业：2023年一季度报告.pdf,002603|2023Q1|2023,likely_extraction_gap
core_performance_indicators_sheet,net_profit_qoq_growth,以岭药业：2024年年度报告.pdf;以岭药业：2024年年度报告摘要.pdf,002603|2024FY|2024,likely_not_disclosed_in_source
core_performance_indicators_sheet,net_profit_qoq_growth,众生药业：2022年年度报告.pdf;众生药业：2022年年度报告摘要.pdf,002317|2022FY|2022,likely_not_disclosed_in_source
core_performance_indicators_sheet,net_profit_qoq_growth,众生药业：2023年一季度报告.pdf,002317|2023Q1|2023,likely_extraction_gap
core_performance_indicators_sheet,net_profit_qoq_growth,佐力药业：2022年年度报告摘要.pdf;佐力药业：2022年年度报告（更新后）.pdf,300181|2022FY|2022,likely_not_disclosed_in_source
core_performance_indicators_sheet,net_profit_qoq_growth,佐力药业：2023年一季度报告.pdf,300181|2023Q1|2023,likely_extraction_gap
core_performance_indicators_sheet,net_profit_qoq_growth,信邦制药：2022年年度报告.pdf;信邦制药：2022年年度报告摘要.pdf,002390|2022FY|2022,likely_not_disclosed_in_source
core_performance_indicators_sheet,net_profit_qoq_growth,信邦制药：2023年一季度报告.pdf,002390|2023Q1|2023,likely_extraction_gap
core_performance_indicators_sheet,net_profit_qoq_growth,华森制药：2022年年度报告.pdf;华森制药：2022年年度报告摘要.pdf,002907|2022FY|2022,likely_not_disclosed_in_source
core_performance_indicators_sheet,net_profit_qoq_growth,华森制药：2023年一季度报告.pdf,002907|2023Q1|2023,likely_extraction_gap
core_performance_indicators_sheet,net_profit_qoq_growth,华森制药：2025年一季度报告.pdf,002907|2025Q1|2025,likely_extraction_gap
core_performance_indicators_sheet,net_profit_qoq_growth,华润三九：2022年年度报告.pdf;华润三九：2022年年度报告摘要.pdf,000999|2022FY|2022,likely_not_disclosed_in_source
core_performance_indicators_sheet,net_profit_qoq_growth,华润三九：2023年一季度报告.pdf,000999|2023Q1|2023,likely_extraction_gap
core_performance_indicators_sheet,net_profit_qoq_growth,华神科技：2022年年度报告.pdf;华神科技：2022年年度报告摘要.pdf,000790|2022FY|2022,likely_not_disclosed_in_source
core_performance_indicators_sheet,net_profit_qoq_growth,华神科技：2023年一季度报告.pdf,000790|2023Q1|2023,likely_extraction_gap
core_performance_indicators_sheet,net_profit_qoq_growth,启迪药业：启迪药业2022年年度报告全文（更正后）.pdf;启迪药业：2022年年度报告摘要.pdf,000590|2022FY|2022,likely_not_disclosed_in_source
core_performance_indicators_sheet,net_profit_qoq_growth,启迪药业：2023年一季度报告.pdf,000590|2023Q1|2023,likely_extraction_gap
core_performance_indicators_sheet,net_profit_qoq_growth,启迪药业：2023年年度报告.pdf;启迪药业：2023年年度报告摘要.pdf,000590|2023FY|2023,likely_not_disclosed_in_source
core_performance_indicators_sheet,net_profit_qoq_growth,启迪药业：2024年年度报告.pdf;启迪药业：2024年年度报告摘要.pdf,000590|2024FY|2024,likely_not_disclosed_in_source
core_performance_indicators_sheet,net_profit_qoq_growth,嘉应制药：2022年年度报告摘要.pdf;嘉应制药：2022年年度报告.pdf,002198|2022FY|2022,likely_not_disclosed_in_source
core_performance_indicators_sheet,net_profit_qoq_growth,嘉应制药：2023年一季度报告.pdf,002198|2023Q1|2023,likely_extraction_gap
core_performance_indicators_sheet,net_profit_qoq_growth,奇正藏药：2022年年度报告（更新后）.pdf;奇正藏药：2022年年度报告摘要.pdf,002287|2022FY|2022,likely_not_disclosed_in_source
core_performance_indicators_sheet,net_profit_qoq_growth,奇正藏药：2023年一季度报告.pdf,002287|2023Q1|2023,likely_extraction_gap
core_performance_indicators_sheet,net_profit_qoq_growth,康弘药业：2022年年度报告.pdf;康弘药业：2022年年度报告摘要.pdf,002773|2022FY|2022,likely_not_disclosed_in_source
core_performance_indicators_sheet,net_profit_qoq_growth,康弘药业：2023年一季度报告.pdf,002773|2023Q1|2023,likely_extraction_gap
core_performance_indicators_sheet,net_profit_qoq_growth,康泰医学：2022年年度报告.pdf;康泰医学：2022年年度报告摘要.pdf,300869|2022FY|2022,likely_not_disclosed_in_source
core_performance_indicators_sheet,net_profit_qoq_growth,康泰医学：2023年一季度报告.pdf,300869|2023Q1|2023,likely_extraction_gap
core_performance_indicators_sheet,net_profit_qoq_growth,康泰医学：2024年年度报告.pdf;康泰医学：2024年年度报告摘要.pdf,300869|2024FY|2024,likely_not_disclosed_in_source
core_performance_indicators_sheet,net_profit_qoq_growth,康泰医学：2025年三季度报告.pdf,300869|2025Q3|2025,likely_extraction_gap
core_performance_indicators_sheet,net_profit_qoq_growth,恩威医药：2022年年度报告.pdf;恩威医药：2022年年度报告摘要.pdf,301331|2022FY|2022,likely_not_disclosed_in_source
core_performance_indicators_sheet,net_profit_qoq_growth,恩威医药：2023年一季度报告.pdf,301331|2023Q1|2023,likely_extraction_gap
core_performance_indicators_sheet,net_profit_qoq_growth,振东制药：2022年年度报告.pdf;振东制药：2022年年度报告摘要.pdf,300158|2022FY|2022,likely_not_disclosed_in_source
core_performance_indicators_sheet,net_profit_qoq_growth,振东制药：2023年一季度报告.pdf,300158|2023Q1|2023,likely_extraction_gap
core_performance_indicators_sheet,net_profit_qoq_growth,振东制药：2023年半年度报告.pdf;振东制药：2023年半年度报告摘要.pdf,300158|2023H1|2023,likely_not_disclosed_in_source
core_performance_indicators_sheet,net_profit_qoq_growth,振东制药：2024年年度报告.pdf;振东制药：2024年年度报告摘要.pdf,300158|2024FY|2024,likely_not_disclosed_in_source
core_performance_indicators_sheet,net_profit_qoq_growth,新光药业：2022年年度报告全文（更正后）.pdf;新光药业：2022年年度报告摘要.pdf,300519|2022FY|2022,likely_not_disclosed_in_source
core_performance_indicators_sheet,net_profit_qoq_growth,新光药业：2023年一季度报告.pdf,300519|2023Q1|2023,likely_extraction_gap
core_performance_indicators_sheet,net_profit_qoq_growth,新天药业：2022年年度报告.pdf;新天药业：2022年年度报告摘要.pdf,002873|2022FY|2022,likely_not_disclosed_in_source
core_performance_indicators_sheet,net_profit_qoq_growth,新天药业：2023年一季度报告.pdf,002873|2023Q1|2023,likely_extraction_gap
core_performance_indicators_sheet,net_profit_qoq_growth,新里程：2022年年度报告.pdf;新里程：2022年年度报告摘要.pdf,002219|2022FY|2022,likely_not_disclosed_in_source
core_performance_indicators_sheet,net_profit_qoq_growth,新里程：2023年一季度报告.pdf,002219|2023Q1|2023,likely_extraction_gap
core_performance_indicators_sheet,net_profit_qoq_growth,新里程：2024年一季度报告.pdf,002219|2024Q1|2024,likely_extraction_gap
core_performance_indicators_sheet,net_profit_qoq_growth,桂林三金：2022年年度报告.pdf;桂林三金：2022年年度报告摘要.pdf,002275|2022FY|2022,likely_not_disclosed_in_source
core_performance_indicators_sheet,net_profit_qoq_growth,桂林三金：2023年一季度报告.pdf,002275|2023Q1|2023,likely_extraction_gap
core_performance_indicators_sheet,net_profit_qoq_growth,沃华医药：2022年年度报告.pdf;沃华医药：2022年年度报告摘要.pdf,002107|2022FY|2022,likely_not_disclosed_in_source
core_performance_indicators_sheet,net_profit_qoq_growth,沃华医药：2023年一季度报告.pdf,002107|2023Q1|2023,likely_extraction_gap
core_performance_indicators_sheet,net_profit_qoq_growth,特一药业：2022年年度报告.pdf;特一药业：2022年年度报告摘要.pdf,002728|2022FY|2022,likely_not_disclosed_in_source
core_performance_indicators_sheet,net_profit_qoq_growth,特一药业：2023年一季度报告.pdf,002728|2023Q1|2023,likely_extraction_gap
core_performance_indicators_sheet,net_profit_qoq_growth,瑞康医药：2022年年度报告.pdf;瑞康医药：2022年年度报告摘要.pdf,002589|2022FY|2022,likely_not_disclosed_in_source
core_performance_indicators_sheet,net_profit_qoq_growth,瑞康医药：2023年一季度报告.pdf,002589|2023Q1|2023,likely_extraction_gap
core_performance_indicators_sheet,net_profit_qoq_growth,瑞康医药：2024年一季度报告.pdf,002589|2024Q1|2024,likely_extraction_gap
core_performance_indicators_sheet,net_profit_qoq_growth,益盛药业：2022年年度报告.pdf;益盛药业：2022年年度报告摘要.pdf,002566|2022FY|2022,likely_not_disclosed_in_source
core_performance_indicators_sheet,net_profit_qoq_growth,益盛药业：2023年一季度报告.pdf,002566|2023Q1|2023,likely_extraction_gap
core_performance_indicators_sheet,net_profit_qoq_growth,盘龙药业：2022年年度报告（更正后）.pdf;盘龙药业：2022年年度报告摘要（更正后）.pdf,002864|2022FY|2022,likely_not_disclosed_in_source
core_performance_indicators_sheet,net_profit_qoq_growth,盘龙药业：2023年一季度报告.pdf,002864|2023Q1|2023,likely_extraction_gap
core_performance_indicators_sheet,net_profit_qoq_growth,粤万年青：2022年年度报告.pdf;粤万年青：2022年年度报告摘要.pdf,301111|2022FY|2022,likely_not_disclosed_in_source
core_performance_indicators_sheet,net_profit_qoq_growth,粤万年青：2023年一季度报告.pdf,301111|2023Q1|2023,likely_extraction_gap
core_performance_indicators_sheet,net_profit_qoq_growth,精华制药：2022年年度报告.pdf;精华制药：2022年年度报告摘要.pdf,002349|2022FY|2022,likely_not_disclosed_in_source
core_performance_indicators_sheet,net_profit_qoq_growth,精华制药：2023年一季度报告.pdf,002349|2023Q1|2023,likely_extraction_gap
core_performance_indicators_sheet,net_profit_qoq_growth,红日药业：2022年年度报告.pdf;红日药业：2022年年度报告摘要.pdf,300026|2022FY|2022,likely_not_disclosed_in_source
core_performance_indicators_sheet,net_profit_qoq_growth,红日药业：2023年一季度报告.pdf,300026|2023Q1|2023,likely_extraction_gap
core_performance_indicators_sheet,net_profit_qoq_growth,红日药业：2024年一季度报告.pdf,300026|2024Q1|2024,likely_extraction_gap
core_performance_indicators_sheet,net_profit_qoq_growth,维康药业：2022年第三季度报告（更新后）.pdf,300878|2022Q3|2022,likely_extraction_gap
core_performance_indicators_sheet,net_profit_qoq_growth,维康药业：2022年年度报告.pdf;维康药业：2022年年度报告摘要.pdf,300878|2022FY|2022,likely_not_disclosed_in_source
core_performance_indicators_sheet,net_profit_qoq_growth,维康药业：2023年年度报告.pdf;维康药业：2023年年度报告摘要.pdf,300878|2023FY|2023,likely_not_disclosed_in_source
core_performance_indicators_sheet,net_profit_qoq_growth,莱茵生物：2022年年度报告.pdf;莱茵生物：2022年年度报告摘要.pdf,002166|2022FY|2022,likely_not_disclosed_in_source
core_performance_indicators_sheet,net_profit_qoq_growth,莱茵生物：2023年一季度报告.pdf,002166|2023Q1|2023,likely_extraction_gap
core_performance_indicators_sheet,net_profit_qoq_growth,葵花药业：2022年年度报告.pdf;葵花药业：2022年年度报告摘要.pdf,002737|2022FY|2022,likely_not_disclosed_in_source
core_performance_indicators_sheet,net_profit_qoq_growth,葵花药业：2023年一季度报告.pdf,002737|2023Q1|2023,likely_extraction_gap
core_performance_indicators_sheet,net_profit_qoq_growth,贵州百灵：2022年年度报告.pdf;贵州百灵：2022年年度报告摘要.pdf,002424|2022FY|2022,likely_not_disclosed_in_source
core_performance_indicators_sheet,net_profit_qoq_growth,贵州百灵：2023年一季度报告.pdf,002424|2023Q1|2023,likely_extraction_gap
core_performance_indicators_sheet,net_profit_qoq_growth,贵州百灵：2023年年度报告.pdf;贵州百灵：2023年年度报告摘要.pdf,002424|2023FY|2023,likely_not_disclosed_in_source
core_performance_indicators_sheet,net_profit_qoq_growth,贵州百灵：2025年三季度报告.pdf,002424|2025Q3|2025,likely_extraction_gap
core_performance_indicators_sheet,net_profit_qoq_growth,贵州百灵：2025年半年度报告.pdf;贵州百灵：2025年半年度报告摘要.pdf,002424|2025H1|2025,likely_not_disclosed_in_source
core_performance_indicators_sheet,net_profit_qoq_growth,赛隆药业：2022年年度报告.pdf;赛隆药业：2022年年度报告摘要.pdf,002898|2022FY|2022,likely_not_disclosed_in_source
core_performance_indicators_sheet,net_profit_qoq_growth,赛隆药业：2023年一季度报告.pdf,002898|2023Q1|2023,likely_extraction_gap
core_performance_indicators_sheet,net_profit_qoq_growth,赛隆药业：2024年三季度报告.pdf,002898|2024Q3|2024,likely_extraction_gap
core_performance_indicators_sheet,net_profit_qoq_growth,通化金马：2022年年度报告.pdf;通化金马：2022年年度报告摘要.pdf,000766|2022FY|2022,likely_not_disclosed_in_source
core_performance_indicators_sheet,net_profit_qoq_growth,通化金马：2023年一季度报告.pdf,000766|2023Q1|2023,likely_extraction_gap
core_performance_indicators_sheet,net_profit_qoq_growth,长药控股：2022年年度报告.pdf;长药控股：2022年年度报告摘要.pdf,300391|2022FY|2022,likely_not_disclosed_in_source
core_performance_indicators_sheet,net_profit_qoq_growth,长药控股：2023年一季度报告.pdf,300391|2023Q1|2023,likely_extraction_gap
core_performance_indicators_sheet,net_profit_qoq_growth,长药控股：2023年三季度报告.pdf,300391|2023Q3|2023,likely_extraction_gap
core_performance_indicators_sheet,net_profit_qoq_growth,长药控股：2024年年度报告.pdf;长药控股：2024年年度报告摘要.pdf,300391|2024FY|2024,likely_not_disclosed_in_source
core_performance_indicators_sheet,net_profit_qoq_growth,陇神戎发：2022年年度报告全文（更正后）.pdf;陇神戎发：2022年年度报告摘要.pdf,300534|2022FY|2022,likely_not_disclosed_in_source
core_performance_indicators_sheet,net_profit_qoq_growth,陇神戎发：2023年一季度报告.pdf,300534|2023Q1|2023,likely_extraction_gap
core_performance_indicators_sheet,net_profit_qoq_growth,陇神戎发：2023年半年度报告.pdf;陇神戎发：2023年半年度报告摘要.pdf,300534|2023H1|2023,likely_not_disclosed_in_source
core_performance_indicators_sheet,net_profit_qoq_growth,陇神戎发：2025年一季度报告.pdf,300534|2025Q1|2025,likely_extraction_gap
core_performance_indicators_sheet,net_profit_qoq_growth,香雪制药：2022年年度报告摘要.pdf;香雪制药：2022年年度报告.pdf,300147|2022FY|2022,likely_not_disclosed_in_source
core_performance_indicators_sheet,net_profit_qoq_growth,香雪制药：2023年一季度报告.pdf,300147|2023Q1|2023,likely_extraction_gap
core_performance_indicators_sheet,net_profit_qoq_growth,香雪制药：2023年半年度报告.pdf;香雪制药：2023年半年度报告摘要.pdf,300147|2023H1|2023,likely_not_disclosed_in_source
core_performance_indicators_sheet,net_asset_per_share,600518_20251031_ZQ6L.pdf,600518|2025Q3|2025,derivation_inputs_incomplete
core_performance_indicators_sheet,net_asset_per_share,600566_20240410_9Y58.pdf,600566|2023FY|2023,derivation_inputs_incomplete
core_performance_indicators_sheet,net_asset_per_share,600671_20251029_AR92.pdf,600671|2025Q3|2025,missing_share_basis
core_performance_indicators_sheet,net_asset_per_share,603439_20251028_T6J6.pdf,603439|2025Q3|2025,derivation_inputs_incomplete
core_performance_indicators_sheet,operating_cf_per_share,600518_20251031_ZQ6L.pdf,600518|2025Q3|2025,upstream_cash_flow_missing
core_performance_indicators_sheet,operating_cf_per_share,600566_20240410_9Y58.pdf,600566|2023FY|2023,upstream_cash_flow_missing
core_performance_indicators_sheet,operating_cf_per_share,600671_20251029_AR92.pdf,600671|2025Q3|2025,upstream_cash_flow_missing
core_performance_indicators_sheet,operating_cf_per_share,603439_20251028_T6J6.pdf,603439|2025Q3|2025,upstream_cash_flow_missing
core_performance_indicators_sheet,net_profit_excl_non_recurring,600332_20241026_RDSX.pdf,600332|2024Q3|2024,likely_extraction_gap
core_performance_indicators_sheet,net_profit_excl_non_recurring,600332_20251029_H1GP.pdf,600332|2025Q3|2025,likely_extraction_gap
core_performance_indicators_sheet,net_profit_excl_non_recurring,600479_20230825_6O9Z.pdf;600479_20230825_07RX.pdf,600479|2023H1|2023,likely_extraction_gap
core_performance_indicators_sheet,net_profit_excl_non_recurring,600479_20231028_3US7.pdf,600479|2023Q3|2023,likely_extraction_gap
core_performance_indicators_sheet,net_profit_excl_non_recurring,600535_20231028_JXWI.pdf,600535|2023Q3|2023,likely_extraction_gap
core_performance_indicators_sheet,net_profit_excl_non_recurring,600594_20231027_TXD6.pdf,600594|2023Q3|2023,likely_extraction_gap
core_performance_indicators_sheet,net_profit_excl_non_recurring,康弘药业：2024年一季度报告.pdf,002773|2024Q1|2024,likely_extraction_gap
core_performance_indicators_sheet,net_profit_excl_non_recurring,康弘药业：2024年三季度报告.pdf,002773|2024Q3|2024,likely_extraction_gap
core_performance_indicators_sheet,net_profit_excl_non_recurring,康弘药业：2025年一季度报告.pdf,002773|2025Q1|2025,likely_extraction_gap
core_performance_indicators_sheet,net_profit_excl_non_recurring,康弘药业：2025年三季度报告.pdf,002773|2025Q3|2025,likely_extraction_gap
core_performance_indicators_sheet,net_profit_excl_non_recurring,新里程：2023年三季度报告.pdf,002219|2023Q3|2023,likely_extraction_gap
core_performance_indicators_sheet,net_profit_excl_non_recurring,瑞康医药：2023年年度报告.pdf;瑞康医药：2023年年度报告摘要.pdf,002589|2023FY|2023,likely_extraction_gap
core_performance_indicators_sheet,net_profit_excl_non_recurring,贵州百灵：2023年年度报告.pdf;贵州百灵：2023年年度报告摘要.pdf,002424|2023FY|2023,likely_extraction_gap
core_performance_indicators_sheet,net_profit_excl_non_recurring,赛隆药业：2023年年度报告.pdf;赛隆药业：2023年年度报告摘要.pdf,002898|2023FY|2023,likely_extraction_gap
core_performance_indicators_sheet,net_profit_excl_non_recurring,香雪制药：2023年年度报告.pdf;香雪制药：2023年年度报告摘要.pdf,300147|2023FY|2023,likely_extraction_gap
core_performance_indicators_sheet,net_profit_excl_non_recurring_yoy,600080_20230428_PCK7.pdf,600080|2023Q1|2023,likely_extraction_gap
core_performance_indicators_sheet,net_profit_excl_non_recurring_yoy,600129_20230331_BTSP.pdf;600129_20230331_LJR3.pdf,600129|2022FY|2022,likely_extraction_gap
core_performance_indicators_sheet,net_profit_excl_non_recurring_yoy,600222_20230429_B5XY.pdf,600222|2023Q1|2023,likely_extraction_gap
core_performance_indicators_sheet,net_profit_excl_non_recurring_yoy,600222_20230819_T4D5.pdf;600222_20230819_G5RZ.pdf,600222|2023H1|2023,likely_extraction_gap
core_performance_indicators_sheet,net_profit_excl_non_recurring_yoy,600252_20230428_VZDI.pdf,600252|2023Q1|2023,likely_extraction_gap
core_performance_indicators_sheet,net_profit_excl_non_recurring_yoy,600252_20240430_W3NK.pdf,600252|2024Q1|2024,likely_extraction_gap
core_performance_indicators_sheet,net_profit_excl_non_recurring_yoy,600252_20250329_1620.pdf;600252_20250329_7P2G.pdf,600252|2024FY|2024,likely_extraction_gap
core_performance_indicators_sheet,net_profit_excl_non_recurring_yoy,600285_20230426_0A88.pdf,600285|2023Q1|2023,likely_extraction_gap
core_performance_indicators_sheet,net_profit_excl_non_recurring_yoy,600329_20230429_9H31.pdf,600329|2023Q1|2023,likely_extraction_gap
core_performance_indicators_sheet,net_profit_excl_non_recurring_yoy,600332_20230428_LE89.pdf,600332|2023Q1|2023,likely_extraction_gap
core_performance_indicators_sheet,net_profit_excl_non_recurring_yoy,600332_20241026_RDSX.pdf,600332|2024Q3|2024,likely_extraction_gap
core_performance_indicators_sheet,net_profit_excl_non_recurring_yoy,600351_20230426_9U46.pdf,600351|2023Q1|2023,likely_extraction_gap
core_performance_indicators_sheet,net_profit_excl_non_recurring_yoy,600422_20230428_L37Z.pdf,600422|2023Q1|2023,likely_extraction_gap
core_performance_indicators_sheet,net_profit_excl_non_recurring_yoy,600436_20230415_LMRV.pdf,600436|2023Q1|2023,likely_extraction_gap
core_performance_indicators_sheet,net_profit_excl_non_recurring_yoy,600479_20230429_Z01G.pdf,600479|2023Q1|2023,likely_extraction_gap
core_performance_indicators_sheet,net_profit_excl_non_recurring_yoy,600479_20230825_6O9Z.pdf;600479_20230825_07RX.pdf,600479|2023H1|2023,likely_extraction_gap
core_performance_indicators_sheet,net_profit_excl_non_recurring_yoy,600518_20230429_1E2Y.pdf;600518_20230429_50ZJ.pdf,600518|2022FY|2022,likely_extraction_gap
core_performance_indicators_sheet,net_profit_excl_non_recurring_yoy,600518_20230429_4X38.pdf,600518|2023Q1|2023,likely_extraction_gap
core_performance_indicators_sheet,net_profit_excl_non_recurring_yoy,600518_20230819_5M32.pdf;600518_20230819_NUCH.pdf,600518|2023H1|2023,likely_extraction_gap
core_performance_indicators_sheet,net_profit_excl_non_recurring_yoy,600518_20231028_TL5J.pdf,600518|2023Q3|2023,likely_extraction_gap
core_performance_indicators_sheet,net_profit_excl_non_recurring_yoy,600535_20241026_77D8.pdf,600535|2024Q3|2024,likely_extraction_gap
core_performance_indicators_sheet,net_profit_excl_non_recurring_yoy,600557_20230408_891D.pdf,600557|2023Q1|2023,likely_extraction_gap
core_performance_indicators_sheet,net_profit_excl_non_recurring_yoy,600566_20230418_B2TG.pdf,600566|2023Q1|2023,likely_extraction_gap
core_performance_indicators_sheet,net_profit_excl_non_recurring_yoy,600594_20230428_H37S.pdf,600594|2023Q1|2023,likely_extraction_gap
core_performance_indicators_sheet,net_profit_excl_non_recurring_yoy,600594_20231027_TXD6.pdf,600594|2023Q3|2023,likely_extraction_gap
core_performance_indicators_sheet,net_profit_excl_non_recurring_yoy,600613_20230429_NF00.pdf,600613|2023Q1|2023,likely_extraction_gap
core_performance_indicators_sheet,net_profit_excl_non_recurring_yoy,600671_20230426_4LUC.pdf,600671|2023Q1|2023,likely_extraction_gap
core_performance_indicators_sheet,net_profit_excl_non_recurring_yoy,600671_20230426_CEMZ.pdf;600671_20230426_A25A.pdf,600671|2022FY|2022,likely_extraction_gap
core_performance_indicators_sheet,net_profit_excl_non_recurring_yoy,600671_20230831_ZUQX.pdf;600671_20230831_M8I5.pdf,600671|2023H1|2023,likely_extraction_gap
core_performance_indicators_sheet,net_profit_excl_non_recurring_yoy,600671_20231028_TBLU.pdf,600671|2023Q3|2023,likely_extraction_gap
core_performance_indicators_sheet,net_profit_excl_non_recurring_yoy,600750_20230427_MTAP.pdf,600750|2023Q1|2023,likely_extraction_gap
core_performance_indicators_sheet,net_profit_excl_non_recurring_yoy,600771_20230422_NKU3.pdf;600771_20230422_7PR2.pdf,600771|2022FY|2022,likely_extraction_gap
core_performance_indicators_sheet,net_profit_excl_non_recurring_yoy,600771_20230427_AYUN.pdf,600771|2023Q1|2023,likely_extraction_gap
core_performance_indicators_sheet,net_profit_excl_non_recurring_yoy,600771_20231025_E2OJ.pdf,600771|2023Q3|2023,likely_extraction_gap
core_performance_indicators_sheet,net_profit_excl_non_recurring_yoy,600976_20230418_IGTA.pdf,600976|2023Q1|2023,likely_extraction_gap
core_performance_indicators_sheet,net_profit_excl_non_recurring_yoy,600993_20230429_X9OP.pdf,600993|2023Q1|2023,likely_extraction_gap
core_performance_indicators_sheet,net_profit_excl_non_recurring_yoy,603139_20230429_6QJN.pdf;603139_20230429_0D4H.pdf,603139|2022FY|2022,likely_extraction_gap
core_performance_indicators_sheet,net_profit_excl_non_recurring_yoy,603139_20230429_3U66.pdf,603139|2023Q1|2023,likely_extraction_gap
core_performance_indicators_sheet,net_profit_excl_non_recurring_yoy,603139_20250429_3IM9.pdf,603139|2025Q1|2025,likely_extraction_gap
core_performance_indicators_sheet,net_profit_excl_non_recurring_yoy,603439_20230429_KSL8.pdf,603439|2023Q1|2023,likely_extraction_gap
core_performance_indicators_sheet,net_profit_excl_non_recurring_yoy,603567_20230429_USN4.pdf,603567|2023Q1|2023,likely_extraction_gap
core_performance_indicators_sheet,net_profit_excl_non_recurring_yoy,603567_20250430_YIVD.pdf;603567_20250430_X3LV.pdf,603567|2024FY|2024,likely_extraction_gap
core_performance_indicators_sheet,net_profit_excl_non_recurring_yoy,603858_20230428_6PPA.pdf,603858|2023Q1|2023,likely_extraction_gap
core_performance_indicators_sheet,net_profit_excl_non_recurring_yoy,603896_20230428_QP3R.pdf,603896|2023Q1|2023,likely_extraction_gap
core_performance_indicators_sheet,net_profit_excl_non_recurring_yoy,603998_20230421_3TUN.pdf,603998|2023Q1|2023,likely_extraction_gap
core_performance_indicators_sheet,net_profit_excl_non_recurring_yoy,万邦德：2022年年度报告.pdf;万邦德：2022年年度报告摘要.pdf,002082|2022FY|2022,likely_extraction_gap
core_performance_indicators_sheet,net_profit_excl_non_recurring_yoy,万邦德：2023年一季度报告.pdf,002082|2023Q1|2023,likely_extraction_gap
core_performance_indicators_sheet,net_profit_excl_non_recurring_yoy,万邦德：2023年三季度报告.pdf,002082|2023Q3|2023,likely_extraction_gap
core_performance_indicators_sheet,net_profit_excl_non_recurring_yoy,万邦德：2023年半年度报告摘要.pdf;万邦德：2023年半年度报告.pdf,002082|2023H1|2023,likely_extraction_gap
core_performance_indicators_sheet,net_profit_excl_non_recurring_yoy,东阿阿胶：2022年年度报告摘要.pdf;东阿阿胶：2022年年度报告.pdf,000423|2022FY|2022,likely_extraction_gap
core_performance_indicators_sheet,net_profit_excl_non_recurring_yoy,东阿阿胶：2023年一季度报告.pdf,000423|2023Q1|2023,likely_extraction_gap
core_performance_indicators_sheet,net_profit_excl_non_recurring_yoy,东阿阿胶：2023年三季度报告.pdf,000423|2023Q3|2023,likely_extraction_gap
core_performance_indicators_sheet,net_profit_excl_non_recurring_yoy,九 芝 堂：2022年年度报告.pdf;九 芝 堂：2022年年度报告摘要.pdf,000989|2022FY|2022,likely_extraction_gap
core_performance_indicators_sheet,net_profit_excl_non_recurring_yoy,九 芝 堂：2023年一季度报告.pdf,000989|2023Q1|2023,likely_extraction_gap
core_performance_indicators_sheet,net_profit_excl_non_recurring_yoy,九 芝 堂：2023年三季度报告.pdf,000989|2023Q3|2023,likely_extraction_gap
core_performance_indicators_sheet,net_profit_excl_non_recurring_yoy,云南白药：2022年年度报告.pdf;云南白药：2022年年度报告摘要.pdf,000538|2022FY|2022,likely_extraction_gap
core_performance_indicators_sheet,net_profit_excl_non_recurring_yoy,云南白药：2023年三季度报告.pdf,000538|2023Q3|2023,likely_extraction_gap
core_performance_indicators_sheet,net_profit_excl_non_recurring_yoy,仁和药业：2022年年度报告.pdf;仁和药业：2022年年度报告摘要.pdf,000650|2022FY|2022,likely_extraction_gap
core_performance_indicators_sheet,net_profit_excl_non_recurring_yoy,仁和药业：2023年一季度报告.pdf,000650|2023Q1|2023,likely_extraction_gap
core_performance_indicators_sheet,net_profit_excl_non_recurring_yoy,仁和药业：2023年三季度报告.pdf,000650|2023Q3|2023,likely_extraction_gap
core_performance_indicators_sheet,net_profit_excl_non_recurring_yoy,仁和药业：2023年半年度报告.pdf;仁和药业：2023年半年度报告摘要.pdf,000650|2023H1|2023,likely_extraction_gap
core_performance_indicators_sheet,net_profit_excl_non_recurring_yoy,以岭药业：2022年年度报告.pdf;以岭药业：2022年年度报告摘要.pdf,002603|2022FY|2022,likely_extraction_gap
core_performance_indicators_sheet,net_profit_excl_non_recurring_yoy,以岭药业：2023年三季度报告.pdf,002603|2023Q3|2023,likely_extraction_gap
core_performance_indicators_sheet,net_profit_excl_non_recurring_yoy,以岭药业：2023年半年度报告.pdf,002603|2023H1|2023,likely_extraction_gap
core_performance_indicators_sheet,net_profit_excl_non_recurring_yoy,众生药业：2022年年度报告.pdf;众生药业：2022年年度报告摘要.pdf,002317|2022FY|2022,likely_extraction_gap
core_performance_indicators_sheet,net_profit_excl_non_recurring_yoy,众生药业：2023年一季度报告.pdf,002317|2023Q1|2023,likely_extraction_gap
core_performance_indicators_sheet,net_profit_excl_non_recurring_yoy,众生药业：2023年三季度报告.pdf,002317|2023Q3|2023,likely_extraction_gap
core_performance_indicators_sheet,net_profit_excl_non_recurring_yoy,佐力药业：2023年第三季度报告（更新后）.pdf,300181|2023Q3|2023,likely_extraction_gap
core_performance_indicators_sheet,net_profit_excl_non_recurring_yoy,信邦制药：2022年年度报告.pdf;信邦制药：2022年年度报告摘要.pdf,002390|2022FY|2022,likely_extraction_gap
core_performance_indicators_sheet,net_profit_excl_non_recurring_yoy,信邦制药：2023年一季度报告.pdf,002390|2023Q1|2023,likely_extraction_gap
core_performance_indicators_sheet,net_profit_excl_non_recurring_yoy,信邦制药：2023年三季度报告.pdf,002390|2023Q3|2023,likely_extraction_gap
core_performance_indicators_sheet,net_profit_excl_non_recurring_yoy,华森制药：2022年年度报告.pdf;华森制药：2022年年度报告摘要.pdf,002907|2022FY|2022,likely_extraction_gap
core_performance_indicators_sheet,net_profit_excl_non_recurring_yoy,华森制药：2023年一季度报告.pdf,002907|2023Q1|2023,likely_extraction_gap
core_performance_indicators_sheet,net_profit_excl_non_recurring_yoy,华森制药：2023年三季度报告.pdf,002907|2023Q3|2023,likely_extraction_gap
core_performance_indicators_sheet,net_profit_excl_non_recurring_yoy,华森制药：2024年三季度报告.pdf,002907|2024Q3|2024,likely_extraction_gap
core_performance_indicators_sheet,net_profit_excl_non_recurring_yoy,华润三九：2022年年度报告.pdf;华润三九：2022年年度报告摘要.pdf,000999|2022FY|2022,likely_extraction_gap
core_performance_indicators_sheet,net_profit_excl_non_recurring_yoy,华润三九：2023年一季度报告.pdf,000999|2023Q1|2023,likely_extraction_gap
core_performance_indicators_sheet,net_profit_excl_non_recurring_yoy,华润三九：2023年三季度报告.pdf,000999|2023Q3|2023,likely_extraction_gap
core_performance_indicators_sheet,net_profit_excl_non_recurring_yoy,华润三九：2023年半年度报告.pdf;华润三九：2023年半年度报告摘要.pdf,000999|2023H1|2023,likely_extraction_gap
core_performance_indicators_sheet,net_profit_excl_non_recurring_yoy,华润三九：2023年年度报告.pdf;华润三九：2023年年度报告摘要.pdf,000999|2023FY|2023,likely_extraction_gap
core_performance_indicators_sheet,net_profit_excl_non_recurring_yoy,华神科技：2022年年度报告.pdf;华神科技：2022年年度报告摘要.pdf,000790|2022FY|2022,likely_extraction_gap
core_performance_indicators_sheet,net_profit_excl_non_recurring_yoy,华神科技：2023年一季度报告.pdf,000790|2023Q1|2023,likely_extraction_gap
core_performance_indicators_sheet,net_profit_excl_non_recurring_yoy,华神科技：2023年三季度报告.pdf,000790|2023Q3|2023,likely_extraction_gap
core_performance_indicators_sheet,net_profit_excl_non_recurring_yoy,华神科技：2025年三季度报告.pdf,000790|2025Q3|2025,likely_extraction_gap
core_performance_indicators_sheet,net_profit_excl_non_recurring_yoy,启迪药业：启迪药业2022年年度报告全文（更正后）.pdf;启迪药业：2022年年度报告摘要.pdf,000590|2022FY|2022,likely_extraction_gap
core_performance_indicators_sheet,net_profit_excl_non_recurring_yoy,启迪药业：2023年一季度报告.pdf,000590|2023Q1|2023,likely_extraction_gap
core_performance_indicators_sheet,net_profit_excl_non_recurring_yoy,启迪药业：2023年三季度报告.pdf,000590|2023Q3|2023,likely_extraction_gap
core_performance_indicators_sheet,net_profit_excl_non_recurring_yoy,启迪药业：2024年三季度报告.pdf,000590|2024Q3|2024,likely_extraction_gap
core_performance_indicators_sheet,net_profit_excl_non_recurring_yoy,启迪药业：2024年年度报告.pdf;启迪药业：2024年年度报告摘要.pdf,000590|2024FY|2024,likely_extraction_gap
core_performance_indicators_sheet,net_profit_excl_non_recurring_yoy,嘉应制药：2022年年度报告摘要.pdf;嘉应制药：2022年年度报告.pdf,002198|2022FY|2022,likely_extraction_gap
core_performance_indicators_sheet,net_profit_excl_non_recurring_yoy,嘉应制药：2023年一季度报告.pdf,002198|2023Q1|2023,likely_extraction_gap
core_performance_indicators_sheet,net_profit_excl_non_recurring_yoy,嘉应制药：2023年三季度报告.pdf,002198|2023Q3|2023,likely_extraction_gap
core_performance_indicators_sheet,net_profit_excl_non_recurring_yoy,嘉应制药：2025年半年度报告.pdf;嘉应制药：2025年半年度报告摘要.pdf,002198|2025H1|2025,likely_extraction_gap
core_performance_indicators_sheet,net_profit_excl_non_recurring_yoy,奇正藏药：2022年年度报告（更新后）.pdf;奇正藏药：2022年年度报告摘要.pdf,002287|2022FY|2022,likely_extraction_gap
core_performance_indicators_sheet,net_profit_excl_non_recurring_yoy,奇正藏药：2023年一季度报告.pdf,002287|2023Q1|2023,likely_extraction_gap
core_performance_indicators_sheet,net_profit_excl_non_recurring_yoy,奇正藏药：2023年三季度报告.pdf,002287|2023Q3|2023,likely_extraction_gap
core_performance_indicators_sheet,net_profit_excl_non_recurring_yoy,康弘药业：2022年年度报告.pdf;康弘药业：2022年年度报告摘要.pdf,002773|2022FY|2022,likely_extraction_gap
core_performance_indicators_sheet,net_profit_excl_non_recurring_yoy,康弘药业：2023年一季度报告.pdf,002773|2023Q1|2023,likely_extraction_gap
core_performance_indicators_sheet,net_profit_excl_non_recurring_yoy,康弘药业：2023年三季度报告.pdf,002773|2023Q3|2023,likely_extraction_gap
core_performance_indicators_sheet,net_profit_excl_non_recurring_yoy,康弘药业：2024年一季度报告.pdf,002773|2024Q1|2024,likely_extraction_gap
core_performance_indicators_sheet,net_profit_excl_non_recurring_yoy,康弘药业：2024年三季度报告.pdf,002773|2024Q3|2024,likely_extraction_gap
core_performance_indicators_sheet,net_profit_excl_non_recurring_yoy,恩威医药：2023年三季度报告.pdf,301331|2023Q3|2023,likely_extraction_gap
core_performance_indicators_sheet,net_profit_excl_non_recurring_yoy,新光药业：2022年年度报告全文（更正后）.pdf;新光药业：2022年年度报告摘要.pdf,300519|2022FY|2022,likely_extraction_gap
core_performance_indicators_sheet,net_profit_excl_non_recurring_yoy,新天药业：2022年年度报告.pdf;新天药业：2022年年度报告摘要.pdf,002873|2022FY|2022,likely_extraction_gap
core_performance_indicators_sheet,net_profit_excl_non_recurring_yoy,新天药业：2023年一季度报告.pdf,002873|2023Q1|2023,likely_extraction_gap
core_performance_indicators_sheet,net_profit_excl_non_recurring_yoy,新天药业：2023年三季度报告.pdf,002873|2023Q3|2023,likely_extraction_gap
core_performance_indicators_sheet,net_profit_excl_non_recurring_yoy,新天药业：2023年半年度报告.pdf;新天药业：2023年半年度报告摘要.pdf,002873|2023H1|2023,likely_extraction_gap
core_performance_indicators_sheet,net_profit_excl_non_recurring_yoy,新里程：2022年年度报告.pdf;新里程：2022年年度报告摘要.pdf,002219|2022FY|2022,likely_extraction_gap
core_performance_indicators_sheet,net_profit_excl_non_recurring_yoy,新里程：2023年一季度报告.pdf,002219|2023Q1|2023,likely_extraction_gap
core_performance_indicators_sheet,net_profit_excl_non_recurring_yoy,新里程：2023年三季度报告.pdf,002219|2023Q3|2023,likely_extraction_gap
core_performance_indicators_sheet,net_profit_excl_non_recurring_yoy,新里程：2023年半年度报告.pdf;新里程：2023年半年度报告摘要.pdf,002219|2023H1|2023,likely_extraction_gap
core_performance_indicators_sheet,net_profit_excl_non_recurring_yoy,新里程：2024年三季度报告.pdf,002219|2024Q3|2024,likely_extraction_gap
core_performance_indicators_sheet,net_profit_excl_non_recurring_yoy,桂林三金：2022年年度报告.pdf;桂林三金：2022年年度报告摘要.pdf,002275|2022FY|2022,likely_extraction_gap
core_performance_indicators_sheet,net_profit_excl_non_recurring_yoy,桂林三金：2023年一季度报告.pdf,002275|2023Q1|2023,likely_extraction_gap
core_performance_indicators_sheet,net_profit_excl_non_recurring_yoy,桂林三金：2023年三季度报告.pdf,002275|2023Q3|2023,likely_extraction_gap
core_performance_indicators_sheet,net_profit_excl_non_recurring_yoy,沃华医药：2022年年度报告.pdf;沃华医药：2022年年度报告摘要.pdf,002107|2022FY|2022,likely_extraction_gap
core_performance_indicators_sheet,net_profit_excl_non_recurring_yoy,沃华医药：2023年一季度报告.pdf,002107|2023Q1|2023,likely_extraction_gap
core_performance_indicators_sheet,net_profit_excl_non_recurring_yoy,沃华医药：2023年三季度报告.pdf,002107|2023Q3|2023,likely_extraction_gap
core_performance_indicators_sheet,net_profit_excl_non_recurring_yoy,特一药业：2023年一季度报告.pdf,002728|2023Q1|2023,likely_extraction_gap
core_performance_indicators_sheet,net_profit_excl_non_recurring_yoy,特一药业：2023年三季度报告.pdf,002728|2023Q3|2023,likely_extraction_gap
core_performance_indicators_sheet,net_profit_excl_non_recurring_yoy,特一药业：2025年三季度报告.pdf,002728|2025Q3|2025,likely_extraction_gap
core_performance_indicators_sheet,net_profit_excl_non_recurring_yoy,特一药业：2025年半年度报告.pdf;特一药业：2025年半年度报告摘要.pdf,002728|2025H1|2025,likely_extraction_gap
core_performance_indicators_sheet,net_profit_excl_non_recurring_yoy,瑞康医药：2022年年度报告.pdf;瑞康医药：2022年年度报告摘要.pdf,002589|2022FY|2022,likely_extraction_gap
core_performance_indicators_sheet,net_profit_excl_non_recurring_yoy,瑞康医药：2023年一季度报告.pdf,002589|2023Q1|2023,likely_extraction_gap
core_performance_indicators_sheet,net_profit_excl_non_recurring_yoy,瑞康医药：2023年三季度报告.pdf,002589|2023Q3|2023,likely_extraction_gap
core_performance_indicators_sheet,net_profit_excl_non_recurring_yoy,瑞康医药：2023年半年度报告摘要.pdf;瑞康医药：2023年半年度报告.pdf,002589|2023H1|2023,likely_extraction_gap
core_performance_indicators_sheet,net_profit_excl_non_recurring_yoy,瑞康医药：2023年年度报告.pdf;瑞康医药：2023年年度报告摘要.pdf,002589|2023FY|2023,likely_extraction_gap
core_performance_indicators_sheet,net_profit_excl_non_recurring_yoy,益盛药业：2022年年度报告.pdf;益盛药业：2022年年度报告摘要.pdf,002566|2022FY|2022,likely_extraction_gap
core_performance_indicators_sheet,net_profit_excl_non_recurring_yoy,益盛药业：2023年一季度报告.pdf,002566|2023Q1|2023,likely_extraction_gap
core_performance_indicators_sheet,net_profit_excl_non_recurring_yoy,益盛药业：2023年三季度报告.pdf,002566|2023Q3|2023,likely_extraction_gap
core_performance_indicators_sheet,net_profit_excl_non_recurring_yoy,盘龙药业：2022年年度报告（更正后）.pdf;盘龙药业：2022年年度报告摘要（更正后）.pdf,002864|2022FY|2022,likely_extraction_gap
core_performance_indicators_sheet,net_profit_excl_non_recurring_yoy,盘龙药业：2023年一季度报告.pdf,002864|2023Q1|2023,likely_extraction_gap
core_performance_indicators_sheet,net_profit_excl_non_recurring_yoy,盘龙药业：2023年三季度报告.pdf,002864|2023Q3|2023,likely_extraction_gap
core_performance_indicators_sheet,net_profit_excl_non_recurring_yoy,盘龙药业：2023年半年度报告.pdf,002864|2023H1|2023,likely_extraction_gap
core_performance_indicators_sheet,net_profit_excl_non_recurring_yoy,粤万年青：2022年年度报告.pdf;粤万年青：2022年年度报告摘要.pdf,301111|2022FY|2022,likely_extraction_gap
core_performance_indicators_sheet,net_profit_excl_non_recurring_yoy,粤万年青：2023年一季度报告.pdf,301111|2023Q1|2023,likely_extraction_gap
core_performance_indicators_sheet,net_profit_excl_non_recurring_yoy,粤万年青：2023年三季度报告.pdf,301111|2023Q3|2023,likely_extraction_gap
core_performance_indicators_sheet,net_profit_excl_non_recurring_yoy,粤万年青：2024年三季度报告.pdf,301111|2024Q3|2024,likely_extraction_gap
core_performance_indicators_sheet,net_profit_excl_non_recurring_yoy,精华制药：2022年年度报告.pdf;精华制药：2022年年度报告摘要.pdf,002349|2022FY|2022,likely_extraction_gap
core_performance_indicators_sheet,net_profit_excl_non_recurring_yoy,精华制药：2023年一季度报告.pdf,002349|2023Q1|2023,likely_extraction_gap
core_performance_indicators_sheet,net_profit_excl_non_recurring_yoy,精华制药：2023年三季度报告.pdf,002349|2023Q3|2023,likely_extraction_gap
core_performance_indicators_sheet,net_profit_excl_non_recurring_yoy,红日药业：2022年年度报告.pdf;红日药业：2022年年度报告摘要.pdf,300026|2022FY|2022,likely_extraction_gap
core_performance_indicators_sheet,net_profit_excl_non_recurring_yoy,红日药业：2023年一季度报告.pdf,300026|2023Q1|2023,likely_extraction_gap
core_performance_indicators_sheet,net_profit_excl_non_recurring_yoy,红日药业：2023年三季度报告.pdf,300026|2023Q3|2023,likely_extraction_gap
core_performance_indicators_sheet,net_profit_excl_non_recurring_yoy,红日药业：2023年半年度报告.pdf;红日药业：2023年半年度报告摘要.pdf,300026|2023H1|2023,likely_extraction_gap
core_performance_indicators_sheet,net_profit_excl_non_recurring_yoy,红日药业：2024年三季度报告.pdf,300026|2024Q3|2024,likely_extraction_gap
core_performance_indicators_sheet,net_profit_excl_non_recurring_yoy,维康药业：2022年第三季度报告（更新后）.pdf,300878|2022Q3|2022,likely_extraction_gap
core_performance_indicators_sheet,net_profit_excl_non_recurring_yoy,莱茵生物：2022年年度报告.pdf;莱茵生物：2022年年度报告摘要.pdf,002166|2022FY|2022,likely_extraction_gap
core_performance_indicators_sheet,net_profit_excl_non_recurring_yoy,莱茵生物：2023年半年度报告.pdf,002166|2023H1|2023,likely_extraction_gap
core_performance_indicators_sheet,net_profit_excl_non_recurring_yoy,莱茵生物：2024年三季度报告.pdf,002166|2024Q3|2024,likely_extraction_gap
core_performance_indicators_sheet,net_profit_excl_non_recurring_yoy,莱茵生物：2024年半年度报告.pdf;莱茵生物：2024年半年度报告摘要.pdf,002166|2024H1|2024,likely_extraction_gap
core_performance_indicators_sheet,net_profit_excl_non_recurring_yoy,葵花药业：2022年年度报告.pdf;葵花药业：2022年年度报告摘要.pdf,002737|2022FY|2022,likely_extraction_gap
core_performance_indicators_sheet,net_profit_excl_non_recurring_yoy,葵花药业：2023年三季度报告.pdf,002737|2023Q3|2023,likely_extraction_gap
core_performance_indicators_sheet,net_profit_excl_non_recurring_yoy,贵州百灵：2022年年度报告.pdf;贵州百灵：2022年年度报告摘要.pdf,002424|2022FY|2022,likely_extraction_gap
core_performance_indicators_sheet,net_profit_excl_non_recurring_yoy,贵州百灵：2023年一季度报告.pdf,002424|2023Q1|2023,likely_extraction_gap
core_performance_indicators_sheet,net_profit_excl_non_recurring_yoy,贵州百灵：2023年三季度报告.pdf,002424|2023Q3|2023,likely_extraction_gap
core_performance_indicators_sheet,net_profit_excl_non_recurring_yoy,贵州百灵：2023年年度报告.pdf;贵州百灵：2023年年度报告摘要.pdf,002424|2023FY|2023,likely_extraction_gap
core_performance_indicators_sheet,net_profit_excl_non_recurring_yoy,赛隆药业：2022年年度报告.pdf;赛隆药业：2022年年度报告摘要.pdf,002898|2022FY|2022,likely_extraction_gap
core_performance_indicators_sheet,net_profit_excl_non_recurring_yoy,赛隆药业：2023年一季度报告.pdf,002898|2023Q1|2023,likely_extraction_gap
core_performance_indicators_sheet,net_profit_excl_non_recurring_yoy,赛隆药业：2023年三季度报告.pdf,002898|2023Q3|2023,likely_extraction_gap
core_performance_indicators_sheet,net_profit_excl_non_recurring_yoy,赛隆药业：2023年年度报告.pdf;赛隆药业：2023年年度报告摘要.pdf,002898|2023FY|2023,likely_extraction_gap
core_performance_indicators_sheet,net_profit_excl_non_recurring_yoy,通化金马：2022年年度报告.pdf;通化金马：2022年年度报告摘要.pdf,000766|2022FY|2022,likely_extraction_gap
core_performance_indicators_sheet,net_profit_excl_non_recurring_yoy,通化金马：2023年一季度报告.pdf,000766|2023Q1|2023,likely_extraction_gap
core_performance_indicators_sheet,net_profit_excl_non_recurring_yoy,通化金马：2023年三季度报告.pdf,000766|2023Q3|2023,likely_extraction_gap
core_performance_indicators_sheet,net_profit_excl_non_recurring_yoy,长药控股：2022年年度报告.pdf;长药控股：2022年年度报告摘要.pdf,300391|2022FY|2022,likely_extraction_gap
core_performance_indicators_sheet,net_profit_excl_non_recurring_yoy,长药控股：2023年一季度报告.pdf,300391|2023Q1|2023,likely_extraction_gap
core_performance_indicators_sheet,net_profit_excl_non_recurring_yoy,长药控股：2023年三季度报告.pdf,300391|2023Q3|2023,likely_extraction_gap
core_performance_indicators_sheet,net_profit_excl_non_recurring_yoy,陇神戎发：2022年年度报告全文（更正后）.pdf;陇神戎发：2022年年度报告摘要.pdf,300534|2022FY|2022,likely_extraction_gap
core_performance_indicators_sheet,net_profit_excl_non_recurring_yoy,陇神戎发：2023年一季度报告.pdf,300534|2023Q1|2023,likely_extraction_gap
core_performance_indicators_sheet,net_profit_excl_non_recurring_yoy,陇神戎发：2023年三季度报告.pdf,300534|2023Q3|2023,likely_extraction_gap
core_performance_indicators_sheet,net_profit_excl_non_recurring_yoy,陇神戎发：2023年半年度报告.pdf;陇神戎发：2023年半年度报告摘要.pdf,300534|2023H1|2023,likely_extraction_gap
core_performance_indicators_sheet,net_profit_excl_non_recurring_yoy,香雪制药：2022年年度报告摘要.pdf;香雪制药：2022年年度报告.pdf,300147|2022FY|2022,likely_extraction_gap
core_performance_indicators_sheet,net_profit_excl_non_recurring_yoy,香雪制药：2023年三季度报告.pdf,300147|2023Q3|2023,likely_extraction_gap
core_performance_indicators_sheet,net_profit_excl_non_recurring_yoy,香雪制药：2023年年度报告.pdf;香雪制药：2023年年度报告摘要.pdf,300147|2023FY|2023,likely_extraction_gap
core_performance_indicators_sheet,gross_profit_margin,600566_20240410_9Y58.pdf,600566|2023FY|2023,derivable_but_inputs_missing
core_performance_indicators_sheet,roe_weighted_excl_non_recurring,600332_20241026_RDSX.pdf,600332|2024Q3|2024,derivable_but_inputs_missing
core_performance_indicators_sheet,roe_weighted_excl_non_recurring,600332_20251029_H1GP.pdf,600332|2025Q3|2025,derivable_but_inputs_missing
core_performance_indicators_sheet,roe_weighted_excl_non_recurring,600479_20230825_6O9Z.pdf;600479_20230825_07RX.pdf,600479|2023H1|2023,derivable_but_inputs_missing
core_performance_indicators_sheet,roe_weighted_excl_non_recurring,600479_20231028_3US7.pdf,600479|2023Q3|2023,derivable_but_inputs_missing
core_performance_indicators_sheet,roe_weighted_excl_non_recurring,600535_20231028_JXWI.pdf,600535|2023Q3|2023,derivable_but_inputs_missing
core_performance_indicators_sheet,roe_weighted_excl_non_recurring,600566_20240410_9Y58.pdf,600566|2023FY|2023,derivable_but_inputs_missing
core_performance_indicators_sheet,roe_weighted_excl_non_recurring,600594_20231027_TXD6.pdf,600594|2023Q3|2023,derivable_but_inputs_missing
core_performance_indicators_sheet,roe_weighted_excl_non_recurring,康弘药业：2024年一季度报告.pdf,002773|2024Q1|2024,derivable_but_inputs_missing
core_performance_indicators_sheet,roe_weighted_excl_non_recurring,康弘药业：2024年三季度报告.pdf,002773|2024Q3|2024,derivable_but_inputs_missing
core_performance_indicators_sheet,roe_weighted_excl_non_recurring,康弘药业：2025年一季度报告.pdf,002773|2025Q1|2025,derivable_but_inputs_missing
core_performance_indicators_sheet,roe_weighted_excl_non_recurring,康弘药业：2025年三季度报告.pdf,002773|2025Q3|2025,derivable_but_inputs_missing
core_performance_indicators_sheet,roe_weighted_excl_non_recurring,新里程：2023年三季度报告.pdf,002219|2023Q3|2023,derivable_but_inputs_missing
core_performance_indicators_sheet,roe_weighted_excl_non_recurring,瑞康医药：2023年年度报告.pdf;瑞康医药：2023年年度报告摘要.pdf,002589|2023FY|2023,derivable_but_inputs_missing
core_performance_indicators_sheet,roe_weighted_excl_non_recurring,贵州百灵：2023年年度报告.pdf;贵州百灵：2023年年度报告摘要.pdf,002424|2023FY|2023,derivable_but_inputs_missing
core_performance_indicators_sheet,roe_weighted_excl_non_recurring,赛隆药业：2023年年度报告.pdf;赛隆药业：2023年年度报告摘要.pdf,002898|2023FY|2023,derivable_but_inputs_missing
core_performance_indicators_sheet,roe_weighted_excl_non_recurring,香雪制药：2023年年度报告.pdf;香雪制药：2023年年度报告摘要.pdf,300147|2023FY|2023,derivable_but_inputs_missing
balance_sheet,asset_trading_financial_assets,600332_20250430_KI0E.pdf,600332|2025Q1|2025,likely_extraction_gap
balance_sheet,asset_trading_financial_assets,600332_20251029_H1GP.pdf,600332|2025Q3|2025,likely_extraction_gap
balance_sheet,asset_trading_financial_assets,600436_20230415_LMRV.pdf,600436|2023Q1|2023,likely_extraction_gap
balance_sheet,asset_trading_financial_assets,600436_20231017_JSSV.pdf,600436|2023Q3|2023,likely_extraction_gap
balance_sheet,asset_trading_financial_assets,600436_20250430_IZHX.pdf,600436|2025Q1|2025,likely_extraction_gap
balance_sheet,asset_trading_financial_assets,600771_20240430_FUIZ.pdf,600771|2023FY|2023,likely_extraction_gap
balance_sheet,asset_trading_financial_assets,603998_20250429_6OJY.pdf,603998|2025Q1|2025,likely_extraction_gap
balance_sheet,asset_construction_in_progress,600771_20240430_FUIZ.pdf,600771|2023FY|2023,likely_extraction_gap
balance_sheet,liability_advance_from_customers,600080_20250822_ODWZ.pdf,600080|2025H1|2025,likely_extraction_gap
balance_sheet,liability_advance_from_customers,600085_20250430_4MZB.pdf,600085|2025Q1|2025,likely_extraction_gap
balance_sheet,liability_advance_from_customers,600332_20230428_LE89.pdf,600332|2023Q1|2023,likely_extraction_gap
balance_sheet,liability_advance_from_customers,600332_20231031_LRQX.pdf,600332|2023Q3|2023,likely_extraction_gap
balance_sheet,liability_advance_from_customers,600332_20240427_P99O.pdf,600332|2024Q1|2024,likely_extraction_gap
balance_sheet,liability_advance_from_customers,600613_20240430_94AW.pdf,600613|2024Q1|2024,likely_extraction_gap
balance_sheet,liability_advance_from_customers,600613_20250426_Q0JZ.pdf,600613|2025Q1|2025,likely_extraction_gap
balance_sheet,liability_advance_from_customers,600613_20251031_X9UT.pdf,600613|2025Q3|2025,likely_extraction_gap
balance_sheet,liability_advance_from_customers,600771_20250425_NL2W.pdf,600771|2024FY|2024,likely_extraction_gap
balance_sheet,liability_advance_from_customers,603858_20230428_6PPA.pdf,603858|2023Q1|2023,likely_extraction_gap
balance_sheet,liability_advance_from_customers,603858_20230428_JFSE.pdf,603858|2022FY|2022,likely_extraction_gap
balance_sheet,liability_advance_from_customers,603858_20230826_O3C7.pdf,603858|2023H1|2023,likely_extraction_gap
balance_sheet,liability_advance_from_customers,603858_20231028_M4IX.pdf,603858|2023Q3|2023,likely_extraction_gap
balance_sheet,liability_advance_from_customers,603858_20240426_5M47.pdf,603858|2023FY|2023,likely_extraction_gap
balance_sheet,liability_advance_from_customers,603858_20240426_VREN.pdf,603858|2024Q1|2024,likely_extraction_gap
balance_sheet,liability_advance_from_customers,603858_20240828_Y4NH.pdf,603858|2024H1|2024,likely_extraction_gap
balance_sheet,liability_advance_from_customers,603858_20241029_HXXQ.pdf,603858|2024Q3|2024,likely_extraction_gap
balance_sheet,liability_advance_from_customers,603858_20250426_3KDM.pdf,603858|2025Q1|2025,likely_extraction_gap
balance_sheet,liability_advance_from_customers,603858_20250426_YFCQ.pdf,603858|2024FY|2024,likely_extraction_gap
balance_sheet,liability_advance_from_customers,603858_20250828_YYBD.pdf,603858|2025H1|2025,likely_extraction_gap
balance_sheet,liability_advance_from_customers,603858_20251030_UOZJ.pdf,603858|2025Q3|2025,likely_extraction_gap
cash_flow_sheet,net_cash_flow_yoy_growth,600080_20241030_XN72.pdf,600080|2024Q3|2024,prior_period_value_unavailable
cash_flow_sheet,net_cash_flow_yoy_growth,600285_20241030_MLWU.pdf,600285|2024Q3|2024,prior_period_value_unavailable
cash_flow_sheet,net_cash_flow_yoy_growth,600285_20250426_Y3H9.pdf,600285|2025Q1|2025,prior_period_value_unavailable
cash_flow_sheet,net_cash_flow_yoy_growth,600422_20250816_X5KJ.pdf,600422|2025H1|2025,prior_period_value_unavailable
cash_flow_sheet,net_cash_flow_yoy_growth,600436_20240420_1K89.pdf,600436|2023FY|2023,prior_period_value_unavailable
cash_flow_sheet,net_cash_flow_yoy_growth,600436_20240817_V2BR.pdf,600436|2024H1|2024,prior_period_value_unavailable
cash_flow_sheet,net_cash_flow_yoy_growth,600436_20241019_UGHL.pdf,600436|2024Q3|2024,prior_period_value_unavailable
cash_flow_sheet,net_cash_flow_yoy_growth,600572_20240824_YYR1.pdf,600572|2024H1|2024,prior_period_value_unavailable
cash_flow_sheet,net_cash_flow_yoy_growth,600613_20230429_7MPS.pdf,600613|2022FY|2022,prior_period_value_unavailable
cash_flow_sheet,net_cash_flow_yoy_growth,600771_20250425_NL2W.pdf,600771|2024FY|2024,prior_period_value_unavailable
cash_flow_sheet,net_cash_flow_yoy_growth,600976_20250419_J7YP.pdf,600976|2025Q1|2025,prior_period_value_unavailable
cash_flow_sheet,net_cash_flow_yoy_growth,603139_20240427_RN54.pdf,603139|2024Q1|2024,prior_period_value_unavailable
cash_flow_sheet,net_cash_flow_yoy_growth,603439_20250423_7A0J.pdf,603439|2024FY|2024,prior_period_value_unavailable
cash_flow_sheet,net_cash_flow_yoy_growth,603896_20230419_WHL7.pdf,603896|2022FY|2022,prior_period_value_unavailable
cash_flow_sheet,net_cash_flow_yoy_growth,603998_20250829_ZC3F.pdf,603998|2025H1|2025,prior_period_value_unavailable
cash_flow_sheet,net_cash_flow_yoy_growth,603998_20251024_JFLQ.pdf,603998|2025Q3|2025,prior_period_value_unavailable
cash_flow_sheet,net_cash_flow_yoy_growth,九 芝 堂：2022年年度报告.pdf,000989|2022FY|2022,prior_period_value_unavailable
cash_flow_sheet,net_cash_flow_yoy_growth,云南白药：2024年三季度报告.pdf,000538|2024Q3|2024,prior_period_value_unavailable
cash_flow_sheet,net_cash_flow_yoy_growth,以岭药业：2025年三季度报告.pdf,002603|2025Q3|2025,prior_period_value_unavailable
cash_flow_sheet,net_cash_flow_yoy_growth,佐力药业：2022年年度报告（更新后）.pdf,300181|2022FY|2022,prior_period_value_unavailable
cash_flow_sheet,net_cash_flow_yoy_growth,信邦制药：2024年一季度报告.pdf,002390|2024Q1|2024,prior_period_value_unavailable
cash_flow_sheet,net_cash_flow_yoy_growth,华森制药：2023年半年度报告.pdf,002907|2023H1|2023,prior_period_value_unavailable
cash_flow_sheet,net_cash_flow_yoy_growth,华森制药：2025年一季度报告.pdf,002907|2025Q1|2025,prior_period_value_unavailable
cash_flow_sheet,net_cash_flow_yoy_growth,华润三九：2023年年度报告.pdf,000999|2023FY|2023,prior_period_value_unavailable
cash_flow_sheet,net_cash_flow_yoy_growth,奇正藏药：2025年一季度报告.pdf,002287|2025Q1|2025,prior_period_value_unavailable
cash_flow_sheet,net_cash_flow_yoy_growth,康泰医学：2023年一季度报告.pdf,300869|2023Q1|2023,prior_period_value_unavailable
cash_flow_sheet,net_cash_flow_yoy_growth,恩威医药：2022年年度报告.pdf,301331|2022FY|2022,prior_period_value_unavailable
cash_flow_sheet,net_cash_flow_yoy_growth,恩威医药：2024年半年度报告.pdf,301331|2024H1|2024,prior_period_value_unavailable
cash_flow_sheet,net_cash_flow_yoy_growth,振东制药：2023年三季度报告.pdf,300158|2023Q3|2023,prior_period_value_unavailable
cash_flow_sheet,net_cash_flow_yoy_growth,新光药业：2022年年度报告全文（更正后）.pdf,300519|2022FY|2022,prior_period_value_unavailable
cash_flow_sheet,net_cash_flow_yoy_growth,新光药业：2024年一季度报告.pdf,300519|2024Q1|2024,prior_period_value_unavailable
cash_flow_sheet,net_cash_flow_yoy_growth,新天药业：2025年三季度报告.pdf,002873|2025Q3|2025,prior_period_value_unavailable
cash_flow_sheet,net_cash_flow_yoy_growth,新里程：2024年年度报告.pdf,002219|2024FY|2024,prior_period_value_unavailable
cash_flow_sheet,net_cash_flow_yoy_growth,特一药业：2024年年度报告.pdf,002728|2024FY|2024,prior_period_value_unavailable
cash_flow_sheet,net_cash_flow_yoy_growth,瑞康医药：2024年年度报告.pdf,002589|2024FY|2024,prior_period_value_unavailable
cash_flow_sheet,net_cash_flow_yoy_growth,粤万年青：2025年半年度报告.pdf,301111|2025H1|2025,prior_period_value_unavailable
cash_flow_sheet,net_cash_flow_yoy_growth,莱茵生物：2023年半年度报告.pdf,002166|2023H1|2023,prior_period_value_unavailable
cash_flow_sheet,net_cash_flow_yoy_growth,莱茵生物：2025年一季度报告.pdf,002166|2025Q1|2025,prior_period_value_unavailable
cash_flow_sheet,net_cash_flow_yoy_growth,葵花药业：2023年三季度报告.pdf,002737|2023Q3|2023,prior_period_value_unavailable
cash_flow_sheet,net_cash_flow_yoy_growth,葵花药业：2024年年度报告.pdf,002737|2024FY|2024,prior_period_value_unavailable
cash_flow_sheet,net_cash_flow_yoy_growth,通化金马：2024年半年度报告.pdf,000766|2024H1|2024,prior_period_value_unavailable
cash_flow_sheet,operating_cf_cash_from_sales,瑞康医药：2025年一季度报告.pdf,002589|2025Q1|2025,likely_extraction_gap
cash_flow_sheet,investing_cf_cash_from_investment_recovery,600085_20250430_4MZB.pdf,600085|2025Q1|2025,likely_extraction_gap
cash_flow_sheet,investing_cf_cash_from_investment_recovery,600085_20250830_E6JX.pdf,600085|2025H1|2025,likely_extraction_gap
cash_flow_sheet,investing_cf_cash_from_investment_recovery,600976_20230418_IGTA.pdf,600976|2023Q1|2023,likely_extraction_gap
cash_flow_sheet,investing_cf_cash_from_investment_recovery,600976_20230816_ITZH.pdf,600976|2023H1|2023,likely_extraction_gap
cash_flow_sheet,investing_cf_cash_from_investment_recovery,600976_20240420_N11X.pdf,600976|2024Q1|2024,likely_extraction_gap
cash_flow_sheet,investing_cf_cash_from_investment_recovery,603858_20230428_6PPA.pdf,603858|2023Q1|2023,likely_extraction_gap
cash_flow_sheet,investing_cf_cash_from_investment_recovery,603858_20230428_JFSE.pdf,603858|2022FY|2022,likely_extraction_gap
cash_flow_sheet,investing_cf_cash_from_investment_recovery,603858_20240426_VREN.pdf,603858|2024Q1|2024,likely_extraction_gap
cash_flow_sheet,investing_cf_cash_from_investment_recovery,603858_20250426_3KDM.pdf,603858|2025Q1|2025,likely_extraction_gap
income_sheet,net_profit_yoy_growth,600222_20230407_OACL.pdf,600222|2022FY|2022,likely_extraction_gap
income_sheet,net_profit_yoy_growth,603139_20250429_3IM9.pdf,603139|2025Q1|2025,likely_extraction_gap
income_sheet,net_profit_yoy_growth,嘉应制药：2022年年度报告.pdf,002198|2022FY|2022,likely_extraction_gap
income_sheet,net_profit_yoy_growth,振东制药：2024年一季度报告.pdf,300158|2024Q1|2024,likely_extraction_gap
income_sheet,net_profit_yoy_growth,振东制药：2024年年度报告.pdf,300158|2024FY|2024,likely_extraction_gap
income_sheet,net_profit_yoy_growth,特一药业：2025年半年度报告.pdf,002728|2025H1|2025,likely_extraction_gap
income_sheet,net_profit_yoy_growth,维康药业：2024年年度报告.pdf;维康药业：2024年年度报告摘要.pdf,300878|2024FY|2024,likely_extraction_gap
income_sheet,net_profit_yoy_growth,长药控股：2023年年度报告.pdf,300391|2023FY|2023,likely_extraction_gap
income_sheet,total_operating_expenses,600332_20230318_TJ63.pdf;600332_20230318_QRLF.pdf,600332|2022FY|2022,likely_extraction_gap
income_sheet,total_operating_expenses,600332_20230819_VOZO.pdf,600332|2023H1|2023,likely_extraction_gap
income_sheet,total_operating_expenses,600332_20240316_M2MS.pdf;600332_20240316_ISIW.pdf,600332|2023FY|2023,likely_extraction_gap
income_sheet,total_operating_expenses,600332_20240831_Q3YL.pdf,600332|2024H1|2024,likely_extraction_gap
income_sheet,total_operating_expenses,600332_20250314_KG61.pdf;600332_20250314_191V.pdf,600332|2024FY|2024,likely_extraction_gap
income_sheet,total_operating_expenses,600332_20250816_9P7A.pdf,600332|2025H1|2025,likely_extraction_gap
income_sheet,asset_impairment_loss,600085_20250430_4MZB.pdf,600085|2025Q1|2025,likely_extraction_gap
income_sheet,asset_impairment_loss,600771_20250425_T30S.pdf,600771|2025Q1|2025,likely_extraction_gap
income_sheet,asset_impairment_loss,600976_20250419_J7YP.pdf,600976|2025Q1|2025,likely_extraction_gap
income_sheet,asset_impairment_loss,600976_20251022_GO8W.pdf,600976|2025Q3|2025,likely_extraction_gap
income_sheet,credit_impairment_loss,600976_20240420_N11X.pdf,600976|2024Q1|2024,likely_extraction_gap
income_sheet,credit_impairment_loss,600976_20241019_74CB.pdf,600976|2024Q3|2024,likely_extraction_gap
income_sheet,credit_impairment_loss,600976_20250419_J7YP.pdf,600976|2025Q1|2025,likely_extraction_gap
income_sheet,credit_impairment_loss,600976_20251022_GO8W.pdf,600976|2025Q3|2025,likely_extraction_gap
