rule_name,description,formula,table_scope,stock_code,stock_abbr,report_period,report_year,actual_value,expected_value,difference,status
cash_flow_equation,校验现金及现金等价物净增加额与三类活动净现金流的勾稽关系。,NCF=OCF+ICF+FCF,cash_flow_sheet,002589,瑞康医药,2024FY,2024,21794.745580000003,298054.452407,276259.706827,fail
cash_flow_equation,校验现金及现金等价物净增加额与三类活动净现金流的勾稽关系。,NCF=OCF+ICF+FCF,cash_flow_sheet,002589,瑞康医药,2022FY,2022,-34908.983037,190502.01829499996,225411.00133199996,fail
cash_flow_equation,校验现金及现金等价物净增加额与三类活动净现金流的勾稽关系。,NCF=OCF+ICF+FCF,cash_flow_sheet,000650,仁和药业,2023Q1,2023,-179749.249069,-359498.498138,179749.249069,fail
cash_flow_equation,校验现金及现金等价物净增加额与三类活动净现金流的勾稽关系。,NCF=OCF+ICF+FCF,cash_flow_sheet,600329,达仁堂,2024FY,2024,94704.682416,255105.220507,160400.538091,fail
cash_flow_equation,校验现金及现金等价物净增加额与三类活动净现金流的勾稽关系。,NCF=OCF+ICF+FCF,cash_flow_sheet,002603,以岭药业,2023FY,2023,-96402.902167,-255547.286922,159144.384755,fail
cash_flow_equation,校验现金及现金等价物净增加额与三类活动净现金流的勾稽关系。,NCF=OCF+ICF+FCF,cash_flow_sheet,000538,云南白药,2024H1,2024,-145735.04718199998,-8948.022529999958,136787.02465200002,fail
cash_flow_equation,校验现金及现金等价物净增加额与三类活动净现金流的勾稽关系。,NCF=OCF+ICF+FCF,cash_flow_sheet,000999,华润三九,2023FY,2023,385367.69359499996,519397.706859,134030.01326400007,fail
cash_flow_equation,校验现金及现金等价物净增加额与三类活动净现金流的勾稽关系。,NCF=OCF+ICF+FCF,cash_flow_sheet,002589,瑞康医药,2023H1,2023,40796.840538,162397.735936,121600.89539800002,fail
cash_flow_equation,校验现金及现金等价物净增加额与三类活动净现金流的勾稽关系。,NCF=OCF+ICF+FCF,cash_flow_sheet,002737,葵花药业,2022FY,2022,108432.93480799999,227397.55540900002,118964.62060100003,fail
cash_flow_equation,校验现金及现金等价物净增加额与三类活动净现金流的勾稽关系。,NCF=OCF+ICF+FCF,cash_flow_sheet,002287,奇正藏药,2024FY,2024,-19891.228141,90838.65014200001,110729.87828300001,fail
cash_flow_equation,校验现金及现金等价物净增加额与三类活动净现金流的勾稽关系。,NCF=OCF+ICF+FCF,cash_flow_sheet,000538,云南白药,2022FY,2022,-582370.482985,-492106.4990130001,90263.9839719999,fail
cash_flow_equation,校验现金及现金等价物净增加额与三类活动净现金流的勾稽关系。,NCF=OCF+ICF+FCF,cash_flow_sheet,002287,奇正藏药,2024H1,2024,48614.5703,128371.794882,79757.224582,fail
cash_flow_equation,校验现金及现金等价物净增加额与三类活动净现金流的勾稽关系。,NCF=OCF+ICF+FCF,cash_flow_sheet,002737,葵花药业,2023FY,2023,-11271.204439,62381.46321299998,73652.66765199997,fail
cash_flow_equation,校验现金及现金等价物净增加额与三类活动净现金流的勾稽关系。,NCF=OCF+ICF+FCF,cash_flow_sheet,600993,马应龙,2023H1,2023,-41919.34018,25740.613169999997,67659.95335,fail
cash_flow_equation,校验现金及现金等价物净增加额与三类活动净现金流的勾稽关系。,NCF=OCF+ICF+FCF,cash_flow_sheet,600422,昆药集团,2024FY,2024,76709.102665,11999.592765,64709.5099,fail
cash_flow_equation,校验现金及现金等价物净增加额与三类活动净现金流的勾稽关系。,NCF=OCF+ICF+FCF,cash_flow_sheet,002603,以岭药业,2025H1,2025,17980.381175,79010.47279999999,61030.09162499999,fail
cash_flow_equation,校验现金及现金等价物净增加额与三类活动净现金流的勾稽关系。,NCF=OCF+ICF+FCF,cash_flow_sheet,600085,同仁堂,2024H1,2024,-63166.17561900001,-6304.461472000003,56861.714147000006,fail
cash_flow_equation,校验现金及现金等价物净增加额与三类活动净现金流的勾稽关系。,NCF=OCF+ICF+FCF,cash_flow_sheet,600572,康恩贝,2022FY,2022,2877.361817,57423.71496400001,54546.353147000016,fail
cash_flow_equation,校验现金及现金等价物净增加额与三类活动净现金流的勾稽关系。,NCF=OCF+ICF+FCF,cash_flow_sheet,600993,马应龙,2025H1,2025,-128820.49825599999,-77275.79291599999,51544.70534,fail
cash_flow_equation,校验现金及现金等价物净增加额与三类活动净现金流的勾稽关系。,NCF=OCF+ICF+FCF,cash_flow_sheet,600993,马应龙,2022FY,2022,-9748.784765999999,-59707.54741399999,49958.762647999996,fail
cash_flow_equation,校验现金及现金等价物净增加额与三类活动净现金流的勾稽关系。,NCF=OCF+ICF+FCF,cash_flow_sheet,600252,中恒集团,2025H1,2025,6751.652729,56209.239652,49457.586922999995,fail
cash_flow_equation,校验现金及现金等价物净增加额与三类活动净现金流的勾稽关系。,NCF=OCF+ICF+FCF,cash_flow_sheet,002219,新里程,2023FY,2023,1867.4545449999998,-46818.998382000005,48686.452927000006,fail
cash_flow_equation,校验现金及现金等价物净增加额与三类活动净现金流的勾稽关系。,NCF=OCF+ICF+FCF,cash_flow_sheet,002317,众生药业,2022FY,2022,-10289.683595,35288.598709000005,45578.28230400001,fail
cash_flow_equation,校验现金及现金等价物净增加额与三类活动净现金流的勾稽关系。,NCF=OCF+ICF+FCF,cash_flow_sheet,600252,中恒集团,2023H1,2023,-14158.397196000002,-57911.584158,43753.18696199999,fail
cash_flow_equation,校验现金及现金等价物净增加额与三类活动净现金流的勾稽关系。,NCF=OCF+ICF+FCF,cash_flow_sheet,600518,康美药业,2024H1,2024,-31285.047562,-73718.314769,42433.267207000004,fail
cash_flow_equation,校验现金及现金等价物净增加额与三类活动净现金流的勾稽关系。,NCF=OCF+ICF+FCF,cash_flow_sheet,002390,信邦制药,2022FY,2022,28335.189793999998,69935.660558,41600.470764000005,fail
cash_flow_equation,校验现金及现金等价物净增加额与三类活动净现金流的勾稽关系。,NCF=OCF+ICF+FCF,cash_flow_sheet,600993,马应龙,2024H1,2024,-57699.797673,-20544.835497999997,37154.96217500001,fail
cash_flow_equation,校验现金及现金等价物净增加额与三类活动净现金流的勾稽关系。,NCF=OCF+ICF+FCF,cash_flow_sheet,002728,特一药业,2023FY,2023,4234.825247,34874.59385,30639.768602999997,fail
cash_flow_equation,校验现金及现金等价物净增加额与三类活动净现金流的勾稽关系。,NCF=OCF+ICF+FCF,cash_flow_sheet,300158,振东制药,2024FY,2024,-20480.339224,-50333.756891,29853.417666999998,fail
cash_flow_equation,校验现金及现金等价物净增加额与三类活动净现金流的勾稽关系。,NCF=OCF+ICF+FCF,cash_flow_sheet,603858,步长制药,2023FY,2023,-142898.338997,-172560.581166,29662.242168999976,fail
cash_flow_equation,校验现金及现金等价物净增加额与三类活动净现金流的勾稽关系。,NCF=OCF+ICF+FCF,cash_flow_sheet,600252,中恒集团,2024FY,2024,120695.445547,149260.872235,28565.426687999992,fail
cash_flow_equation,校验现金及现金等价物净增加额与三类活动净现金流的勾稽关系。,NCF=OCF+ICF+FCF,cash_flow_sheet,600535,天士力,2025H1,2025,44254.141358999994,16186.467772,28067.673586999994,fail
cash_flow_equation,校验现金及现金等价物净增加额与三类活动净现金流的勾稽关系。,NCF=OCF+ICF+FCF,cash_flow_sheet,002390,信邦制药,2025H1,2025,2426.151929,29590.121216000003,27163.969287000004,fail
cash_flow_equation,校验现金及现金等价物净增加额与三类活动净现金流的勾稽关系。,NCF=OCF+ICF+FCF,cash_flow_sheet,603896,寿仙谷,2022FY,2022,59172.857519000005,32307.67450800001,26865.183010999994,fail
cash_flow_equation,校验现金及现金等价物净增加额与三类活动净现金流的勾稽关系。,NCF=OCF+ICF+FCF,cash_flow_sheet,002589,瑞康医药,2024H1,2024,30075.971442000002,4239.251569000003,25836.719873,fail
cash_flow_equation,校验现金及现金等价物净增加额与三类活动净现金流的勾稽关系。,NCF=OCF+ICF+FCF,cash_flow_sheet,002390,信邦制药,2024FY,2024,20203.046616,45619.368933000005,25416.322317000006,fail
cash_flow_equation,校验现金及现金等价物净增加额与三类活动净现金流的勾稽关系。,NCF=OCF+ICF+FCF,cash_flow_sheet,600422,昆药集团,2025H1,2025,-98871.654505,-124003.072022,25131.417516999994,fail
cash_flow_equation,校验现金及现金等价物净增加额与三类活动净现金流的勾稽关系。,NCF=OCF+ICF+FCF,cash_flow_sheet,002737,葵花药业,2024FY,2024,-124774.45073800001,-149748.78919,24974.338451999996,fail
cash_flow_equation,校验现金及现金等价物净增加额与三类活动净现金流的勾稽关系。,NCF=OCF+ICF+FCF,cash_flow_sheet,600222,太龙药业,2022FY,2022,-7551.42735,15533.893757000002,23085.321107000003,fail
cash_flow_equation,校验现金及现金等价物净增加额与三类活动净现金流的勾稽关系。,NCF=OCF+ICF+FCF,cash_flow_sheet,002317,众生药业,2023H1,2023,67790.955854,45188.966053000004,22601.989800999996,fail
cash_flow_equation,校验现金及现金等价物净增加额与三类活动净现金流的勾稽关系。,NCF=OCF+ICF+FCF,cash_flow_sheet,600771,广誉远,2024FY,2024,-14156.418502,-36148.76128200001,21992.342780000006,fail
cash_flow_equation,校验现金及现金等价物净增加额与三类活动净现金流的勾稽关系。,NCF=OCF+ICF+FCF,cash_flow_sheet,600993,马应龙,2023FY,2023,47342.795914999995,67282.716024,19939.920109,fail
cash_flow_equation,校验现金及现金等价物净增加额与三类活动净现金流的勾稽关系。,NCF=OCF+ICF+FCF,cash_flow_sheet,600594,益佰制药,2024FY,2024,-17667.340799,-37075.656497,19408.315698000002,fail
cash_flow_equation,校验现金及现金等价物净增加额与三类活动净现金流的勾稽关系。,NCF=OCF+ICF+FCF,cash_flow_sheet,600436,片仔癀,2022FY,2022,-35498.823099,-16193.43694,19305.386159,fail
cash_flow_equation,校验现金及现金等价物净增加额与三类活动净现金流的勾稽关系。,NCF=OCF+ICF+FCF,cash_flow_sheet,000650,仁和药业,2024H1,2024,-164792.95304300002,-145494.16722200002,19298.785820999998,fail
cash_flow_equation,校验现金及现金等价物净增加额与三类活动净现金流的勾稽关系。,NCF=OCF+ICF+FCF,cash_flow_sheet,002082,万邦德,2024FY,2024,-7476.271905,11752.120858999999,19228.392763999997,fail
cash_flow_equation,校验现金及现金等价物净增加额与三类活动净现金流的勾稽关系。,NCF=OCF+ICF+FCF,cash_flow_sheet,600329,达仁堂,2023H1,2023,-71000.566674,-52636.353375000006,18364.213298999995,fail
cash_flow_equation,校验现金及现金等价物净增加额与三类活动净现金流的勾稽关系。,NCF=OCF+ICF+FCF,cash_flow_sheet,600572,康恩贝,2023FY,2023,-10650.764367,-28927.946001999997,18277.181634999997,fail
cash_flow_equation,校验现金及现金等价物净增加额与三类活动净现金流的勾稽关系。,NCF=OCF+ICF+FCF,cash_flow_sheet,000790,华神科技,2022FY,2022,-23607.175315,-5827.251186000001,17779.924129,fail
cash_flow_equation,校验现金及现金等价物净增加额与三类活动净现金流的勾稽关系。,NCF=OCF+ICF+FCF,cash_flow_sheet,600750,江中药业,2025H1,2025,-5106.32372,-22360.110474999994,17253.786754999994,fail
cash_flow_equation,校验现金及现金等价物净增加额与三类活动净现金流的勾稽关系。,NCF=OCF+ICF+FCF,cash_flow_sheet,002275,桂林三金,2023H1,2023,3763.32407,20839.117956,17075.793886,fail
cash_flow_equation,校验现金及现金等价物净增加额与三类活动净现金流的勾稽关系。,NCF=OCF+ICF+FCF,cash_flow_sheet,600085,同仁堂,2022FY,2022,173540.280971,157267.34761900004,16272.933351999964,fail
cash_flow_equation,校验现金及现金等价物净增加额与三类活动净现金流的勾稽关系。,NCF=OCF+ICF+FCF,cash_flow_sheet,600535,天士力,2023FY,2023,-73053.810138,-89046.02007100004,15992.209933000035,fail
cash_flow_equation,校验现金及现金等价物净增加额与三类活动净现金流的勾稽关系。,NCF=OCF+ICF+FCF,cash_flow_sheet,301331,恩威医药,2023FY,2023,-10541.437803,5429.211023999998,15970.648826999999,fail
cash_flow_equation,校验现金及现金等价物净增加额与三类活动净现金流的勾稽关系。,NCF=OCF+ICF+FCF,cash_flow_sheet,002107,沃华医药,2023Q1,2023,3061.749846,-11945.699754,15007.4496,fail
cash_flow_equation,校验现金及现金等价物净增加额与三类活动净现金流的勾稽关系。,NCF=OCF+ICF+FCF,cash_flow_sheet,600771,广誉远,2023FY,2023,1300.376382,-13692.872445,14993.248827000001,fail
cash_flow_equation,校验现金及现金等价物净增加额与三类活动净现金流的勾稽关系。,NCF=OCF+ICF+FCF,cash_flow_sheet,002198,嘉应制药,2022FY,2022,-5543.68217,9316.635908,14860.318078,fail
cash_flow_equation,校验现金及现金等价物净增加额与三类活动净现金流的勾稽关系。,NCF=OCF+ICF+FCF,cash_flow_sheet,002275,桂林三金,2022FY,2022,-22604.229141,-7817.617060999997,14786.612080000003,fail
cash_flow_equation,校验现金及现金等价物净增加额与三类活动净现金流的勾稽关系。,NCF=OCF+ICF+FCF,cash_flow_sheet,002275,桂林三金,2023FY,2023,9432.021343999999,23662.787074999993,14230.765730999994,fail
cash_flow_equation,校验现金及现金等价物净增加额与三类活动净现金流的勾稽关系。,NCF=OCF+ICF+FCF,cash_flow_sheet,600436,片仔癀,2023H1,2023,45016.783658,31329.554666000004,13687.228991999997,fail
cash_flow_equation,校验现金及现金等价物净增加额与三类活动净现金流的勾稽关系。,NCF=OCF+ICF+FCF,cash_flow_sheet,600750,江中药业,2024FY,2024,978.3412539999999,14650.905165999982,13672.563911999983,fail
cash_flow_equation,校验现金及现金等价物净增加额与三类活动净现金流的勾稽关系。,NCF=OCF+ICF+FCF,cash_flow_sheet,600518,康美药业,2025H1,2025,-4486.744832,8198.318161,12685.062993,fail
cash_flow_equation,校验现金及现金等价物净增加额与三类活动净现金流的勾稽关系。,NCF=OCF+ICF+FCF,cash_flow_sheet,600085,同仁堂,2023FY,2023,39472.741010000005,51917.88267399999,12445.141663999988,fail
cash_flow_equation,校验现金及现金等价物净增加额与三类活动净现金流的勾稽关系。,NCF=OCF+ICF+FCF,cash_flow_sheet,300878,维康药业,2024H1,2024,-747.851726,-12346.70562,11598.853894,fail
cash_flow_equation,校验现金及现金等价物净增加额与三类活动净现金流的勾稽关系。,NCF=OCF+ICF+FCF,cash_flow_sheet,600613,神奇制药,2025H1,2025,-9786.077929000001,1657.0514519999997,11443.129381,fail
cash_flow_equation,校验现金及现金等价物净增加额与三类活动净现金流的勾稽关系。,NCF=OCF+ICF+FCF,cash_flow_sheet,300878,维康药业,2023H1,2023,27768.845809,38698.603655000006,10929.757846000008,fail
cash_flow_equation,校验现金及现金等价物净增加额与三类活动净现金流的勾稽关系。,NCF=OCF+ICF+FCF,cash_flow_sheet,603998,方盛制药,2024H1,2024,-15.300576999999999,-10721.178725000002,10705.878148000002,fail
cash_flow_equation,校验现金及现金等价物净增加额与三类活动净现金流的勾稽关系。,NCF=OCF+ICF+FCF,cash_flow_sheet,600422,昆药集团,2024H1,2024,-6723.27565,-17240.11397,10516.838319999999,fail
cash_flow_equation,校验现金及现金等价物净增加额与三类活动净现金流的勾稽关系。,NCF=OCF+ICF+FCF,cash_flow_sheet,002566,益盛药业,2024H1,2024,-36957.005389,-46907.308340999996,9950.302951999998,fail
cash_flow_equation,校验现金及现金等价物净增加额与三类活动净现金流的勾稽关系。,NCF=OCF+ICF+FCF,cash_flow_sheet,600222,太龙药业,2023FY,2023,-7971.776755,-17910.485049,9938.708294,fail
cash_flow_equation,校验现金及现金等价物净增加额与三类活动净现金流的勾稽关系。,NCF=OCF+ICF+FCF,cash_flow_sheet,300878,维康药业,2023FY,2023,16517.456137,26399.488104999997,9882.031967999996,fail
cash_flow_equation,校验现金及现金等价物净增加额与三类活动净现金流的勾稽关系。,NCF=OCF+ICF+FCF,cash_flow_sheet,002728,特一药业,2024FY,2024,-24385.392813,-14562.961755999997,9822.431057000002,fail
cash_flow_equation,校验现金及现金等价物净增加额与三类活动净现金流的勾稽关系。,NCF=OCF+ICF+FCF,cash_flow_sheet,301331,恩威医药,2023H1,2023,-1304.7044640000001,-10665.736010999999,9361.031546999999,fail
cash_flow_equation,校验现金及现金等价物净增加额与三类活动净现金流的勾稽关系。,NCF=OCF+ICF+FCF,cash_flow_sheet,603998,方盛制药,2025H1,2025,-18134.984583,-8978.074235,9156.910348000001,fail
cash_flow_equation,校验现金及现金等价物净增加额与三类活动净现金流的勾稽关系。,NCF=OCF+ICF+FCF,cash_flow_sheet,600613,神奇制药,2024FY,2024,6510.440314,15469.448145,8959.007830999999,fail
cash_flow_equation,校验现金及现金等价物净增加额与三类活动净现金流的勾稽关系。,NCF=OCF+ICF+FCF,cash_flow_sheet,000650,仁和药业,2025H1,2025,-139376.96248800002,-130745.82264599999,8631.139842000033,fail
cash_flow_equation,校验现金及现金等价物净增加额与三类活动净现金流的勾稽关系。,NCF=OCF+ICF+FCF,cash_flow_sheet,002907,华森制药,2025H1,2025,-17199.954115,-8820.934096999998,8379.020018000003,fail
cash_flow_equation,校验现金及现金等价物净增加额与三类活动净现金流的勾稽关系。,NCF=OCF+ICF+FCF,cash_flow_sheet,600557,康缘药业,2024H1,2024,11382.6794,19712.116933999998,8329.437533999997,fail
cash_flow_equation,校验现金及现金等价物净增加额与三类活动净现金流的勾稽关系。,NCF=OCF+ICF+FCF,cash_flow_sheet,600613,神奇制药,2022FY,2022,16082.335061000002,24210.532995,8128.197934,fail
cash_flow_equation,校验现金及现金等价物净增加额与三类活动净现金流的勾稽关系。,NCF=OCF+ICF+FCF,cash_flow_sheet,600085,同仁堂,2023H1,2023,193138.12475,185062.27828399997,8075.846466000017,fail
cash_flow_equation,校验现金及现金等价物净增加额与三类活动净现金流的勾稽关系。,NCF=OCF+ICF+FCF,cash_flow_sheet,300534,陇神戎发,2023FY,2023,-8055.181637999999,-16011.899642,7956.718004000001,fail
cash_flow_equation,校验现金及现金等价物净增加额与三类活动净现金流的勾稽关系。,NCF=OCF+ICF+FCF,cash_flow_sheet,603998,方盛制药,2023FY,2023,-20141.184312999998,-12229.419533,7911.764779999998,fail
cash_flow_equation,校验现金及现金等价物净增加额与三类活动净现金流的勾稽关系。,NCF=OCF+ICF+FCF,cash_flow_sheet,300147,香雪制药,2022FY,2022,-4523.235057,3224.717079000002,7747.952136000002,fail
cash_flow_equation,校验现金及现金等价物净增加额与三类活动净现金流的勾稽关系。,NCF=OCF+ICF+FCF,cash_flow_sheet,002317,众生药业,2025H1,2025,-37625.272361,-29948.788739999996,7676.483621000007,fail
cash_flow_equation,校验现金及现金等价物净增加额与三类活动净现金流的勾稽关系。,NCF=OCF+ICF+FCF,cash_flow_sheet,600252,中恒集团,2024H1,2024,24365.417075,31900.657952,7535.240877,fail
cash_flow_equation,校验现金及现金等价物净增加额与三类活动净现金流的勾稽关系。,NCF=OCF+ICF+FCF,cash_flow_sheet,002873,新天药业,2023H1,2023,2575.2236550000002,9914.131767,7338.908112000001,fail
cash_flow_equation,校验现金及现金等价物净增加额与三类活动净现金流的勾稽关系。,NCF=OCF+ICF+FCF,cash_flow_sheet,300534,陇神戎发,2022FY,2022,972.497341,-6087.574879999999,7060.072220999999,fail
cash_flow_equation,校验现金及现金等价物净增加额与三类活动净现金流的勾稽关系。,NCF=OCF+ICF+FCF,cash_flow_sheet,300534,陇神戎发,2024FY,2024,96.084564,6789.405220000002,6693.320656000003,fail
cash_flow_equation,校验现金及现金等价物净增加额与三类活动净现金流的勾稽关系。,NCF=OCF+ICF+FCF,cash_flow_sheet,000790,华神科技,2025H1,2025,-2138.8460210000003,4492.265059999998,6631.111080999998,fail
cash_flow_equation,校验现金及现金等价物净增加额与三类活动净现金流的勾稽关系。,NCF=OCF+ICF+FCF,cash_flow_sheet,002864,盘龙药业,2022FY,2022,40413.9298,33894.841297,6519.088502999999,fail
cash_flow_equation,校验现金及现金等价物净增加额与三类活动净现金流的勾稽关系。,NCF=OCF+ICF+FCF,cash_flow_sheet,600976,健民集团,2022FY,2022,-11677.173136,-5553.506596999996,6123.6665390000035,fail
cash_flow_equation,校验现金及现金等价物净增加额与三类活动净现金流的勾稽关系。,NCF=OCF+ICF+FCF,cash_flow_sheet,300519,新光药业,2025Q1,2025,5686.679942,11373.359884,5686.679942,fail
cash_flow_equation,校验现金及现金等价物净增加额与三类活动净现金流的勾稽关系。,NCF=OCF+ICF+FCF,cash_flow_sheet,600085,同仁堂,2023Q3,2023,119371.69275599999,113742.84527000002,5628.84748599997,fail
cash_flow_equation,校验现金及现金等价物净增加额与三类活动净现金流的勾稽关系。,NCF=OCF+ICF+FCF,cash_flow_sheet,002107,沃华医药,2024Q1,2024,5436.784458,10873.568916,5436.784458,fail
cash_flow_equation,校验现金及现金等价物净增加额与三类活动净现金流的勾稽关系。,NCF=OCF+ICF+FCF,cash_flow_sheet,002424,贵州百灵,2023H1,2023,-6429.649757,-1112.9098380000014,5316.739918999999,fail
cash_flow_equation,校验现金及现金等价物净增加额与三类活动净现金流的勾稽关系。,NCF=OCF+ICF+FCF,cash_flow_sheet,603567,珍宝岛,2023H1,2023,-20408.087993,-15165.123322000005,5242.964670999996,fail
cash_flow_equation,校验现金及现金等价物净增加额与三类活动净现金流的勾稽关系。,NCF=OCF+ICF+FCF,cash_flow_sheet,300519,新光药业,2024Q1,2024,5189.802702,10379.605404,5189.802702,fail
cash_flow_equation,校验现金及现金等价物净增加额与三类活动净现金流的勾稽关系。,NCF=OCF+ICF+FCF,cash_flow_sheet,600750,江中药业,2024H1,2024,17044.607558,22130.366689999995,5085.759131999996,fail
cash_flow_equation,校验现金及现金等价物净增加额与三类活动净现金流的勾稽关系。,NCF=OCF+ICF+FCF,cash_flow_sheet,002275,桂林三金,2024H1,2024,11063.258673,15682.112171000004,4618.853498000004,fail
cash_flow_equation,校验现金及现金等价物净增加额与三类活动净现金流的勾稽关系。,NCF=OCF+ICF+FCF,cash_flow_sheet,002219,新里程,2023H1,2023,9393.144887999999,13969.140742,4575.995854000001,fail
cash_flow_equation,校验现金及现金等价物净增加额与三类活动净现金流的勾稽关系。,NCF=OCF+ICF+FCF,cash_flow_sheet,002603,以岭药业,2024H1,2024,31345.266551,35895.519229,4550.252677999997,fail
cash_flow_equation,校验现金及现金等价物净增加额与三类活动净现金流的勾稽关系。,NCF=OCF+ICF+FCF,cash_flow_sheet,002566,益盛药业,2022FY,2022,12356.886136,16893.850636,4536.9645,fail
cash_flow_equation,校验现金及现金等价物净增加额与三类活动净现金流的勾稽关系。,NCF=OCF+ICF+FCF,cash_flow_sheet,600518,康美药业,2023FY,2023,-47600.595096,-51965.094299000004,4364.499203000007,fail
cash_flow_equation,校验现金及现金等价物净增加额与三类活动净现金流的勾稽关系。,NCF=OCF+ICF+FCF,cash_flow_sheet,600557,康缘药业,2022FY,2022,66386.159914,70513.176569,4127.016654999999,fail
cash_flow_equation,校验现金及现金等价物净增加额与三类活动净现金流的勾稽关系。,NCF=OCF+ICF+FCF,cash_flow_sheet,002873,新天药业,2025H1,2025,-2369.686153,1748.8021459999973,4118.488298999997,fail
cash_flow_equation,校验现金及现金等价物净增加额与三类活动净现金流的勾稽关系。,NCF=OCF+ICF+FCF,cash_flow_sheet,603439,贵州三力,2024H1,2024,-3514.6433,590.0639650000012,4104.707265000001,fail
cash_flow_equation,校验现金及现金等价物净增加额与三类活动净现金流的勾稽关系。,NCF=OCF+ICF+FCF,cash_flow_sheet,600085,同仁堂,2023Q1,2023,94680.264332,98552.09446000002,3871.830128000016,fail
cash_flow_equation,校验现金及现金等价物净增加额与三类活动净现金流的勾稽关系。,NCF=OCF+ICF+FCF,cash_flow_sheet,000989,九芝堂,2025H1,2025,-29943.65802,-26107.119042,3836.5389780000005,fail
cash_flow_equation,校验现金及现金等价物净增加额与三类活动净现金流的勾稽关系。,NCF=OCF+ICF+FCF,cash_flow_sheet,600351,亚宝药业,2023H1,2023,-1022.821184,2759.283467999998,3782.1046519999977,fail
cash_flow_equation,校验现金及现金等价物净增加额与三类活动净现金流的勾稽关系。,NCF=OCF+ICF+FCF,cash_flow_sheet,002424,贵州百灵,2023FY,2023,-12387.350784999999,-8651.029658000003,3736.3211269999956,fail
cash_flow_equation,校验现金及现金等价物净增加额与三类活动净现金流的勾稽关系。,NCF=OCF+ICF+FCF,cash_flow_sheet,600557,康缘药业,2024FY,2024,18582.024652,22212.566913999995,3630.5422619999954,fail
cash_flow_equation,校验现金及现金等价物净增加额与三类活动净现金流的勾稽关系。,NCF=OCF+ICF+FCF,cash_flow_sheet,002275,桂林三金,2025H1,2025,8782.563935,12398.292952,3615.7290169999997,fail
cash_flow_equation,校验现金及现金等价物净增加额与三类活动净现金流的勾稽关系。,NCF=OCF+ICF+FCF,cash_flow_sheet,600976,健民集团,2025H1,2025,-457.72507199999995,3005.9553650000016,3463.680437000002,fail
cash_flow_equation,校验现金及现金等价物净增加额与三类活动净现金流的勾稽关系。,NCF=OCF+ICF+FCF,cash_flow_sheet,300878,维康药业,2025H1,2025,1904.7679100000003,5246.129094999998,3341.361184999998,fail
cash_flow_equation,校验现金及现金等价物净增加额与三类活动净现金流的勾稽关系。,NCF=OCF+ICF+FCF,cash_flow_sheet,600436,片仔癀,2025H1,2025,28313.287676,31594.169998,3280.8823220000013,fail
cash_flow_equation,校验现金及现金等价物净增加额与三类活动净现金流的勾稽关系。,NCF=OCF+ICF+FCF,cash_flow_sheet,002198,嘉应制药,2023H1,2023,2930.607191,-225.35443299999997,3155.961624,fail
cash_flow_equation,校验现金及现金等价物净增加额与三类活动净现金流的勾稽关系。,NCF=OCF+ICF+FCF,cash_flow_sheet,002198,嘉应制药,2023Q3,2023,-7821.019455,-10976.981079,3155.9616239999996,fail
cash_flow_equation,校验现金及现金等价物净增加额与三类活动净现金流的勾稽关系。,NCF=OCF+ICF+FCF,cash_flow_sheet,600479,千金药业,2025H1,2025,-48655.618476999996,-51739.929832,3084.3113550000053,fail
cash_flow_equation,校验现金及现金等价物净增加额与三类活动净现金流的勾稽关系。,NCF=OCF+ICF+FCF,cash_flow_sheet,002873,新天药业,2024H1,2024,-6504.2649,-3437.1199309999997,3067.1449690000004,fail
cash_flow_equation,校验现金及现金等价物净增加额与三类活动净现金流的勾稽关系。,NCF=OCF+ICF+FCF,cash_flow_sheet,600535,天士力,2022FY,2022,81387.569934,78376.88801800001,3010.681915999987,fail
cash_flow_equation,校验现金及现金等价物净增加额与三类活动净现金流的勾稽关系。,NCF=OCF+ICF+FCF,cash_flow_sheet,603439,贵州三力,2024FY,2024,-9652.723355,-6644.179690999999,3008.5436640000007,fail
cash_flow_equation,校验现金及现金等价物净增加额与三类活动净现金流的勾稽关系。,NCF=OCF+ICF+FCF,cash_flow_sheet,603139,康惠制药,2024FY,2024,-4522.0354689999995,-7484.2580450000005,2962.222576000001,fail
cash_flow_equation,校验现金及现金等价物净增加额与三类活动净现金流的勾稽关系。,NCF=OCF+ICF+FCF,cash_flow_sheet,600557,康缘药业,2023H1,2023,40291.423327,37602.058518,2689.364808999999,fail
cash_flow_equation,校验现金及现金等价物净增加额与三类活动净现金流的勾稽关系。,NCF=OCF+ICF+FCF,cash_flow_sheet,002898,赛隆药业,2024FY,2024,-3713.8684200000002,-1331.6843809999987,2382.1840390000016,fail
cash_flow_equation,校验现金及现金等价物净增加额与三类活动净现金流的勾稽关系。,NCF=OCF+ICF+FCF,cash_flow_sheet,002166,莱茵生物,2024FY,2024,-6389.501636,-4012.1493459999997,2377.3522900000003,fail
cash_flow_equation,校验现金及现金等价物净增加额与三类活动净现金流的勾稽关系。,NCF=OCF+ICF+FCF,cash_flow_sheet,600993,马应龙,2024FY,2024,-6883.725353,-9177.084950999997,2293.3595979999973,fail
cash_flow_equation,校验现金及现金等价物净增加额与三类活动净现金流的勾稽关系。,NCF=OCF+ICF+FCF,cash_flow_sheet,300026,红日药业,2022FY,2022,-11078.372873999999,-13369.602159,2291.2292850000013,fail
cash_flow_equation,校验现金及现金等价物净增加额与三类活动净现金流的勾稽关系。,NCF=OCF+ICF+FCF,cash_flow_sheet,603896,寿仙谷,2024FY,2024,-26970.152192,-24728.476997999995,2241.6751940000067,fail
cash_flow_equation,校验现金及现金等价物净增加额与三类活动净现金流的勾稽关系。,NCF=OCF+ICF+FCF,cash_flow_sheet,600085,同仁堂,2025Q3,2025,-601.541819,1605.2517710000102,2206.79359000001,fail
cash_flow_equation,校验现金及现金等价物净增加额与三类活动净现金流的勾稽关系。,NCF=OCF+ICF+FCF,cash_flow_sheet,002166,莱茵生物,2023H1,2023,-18356.126706,-16154.089934999998,2202.036771000001,fail
cash_flow_equation,校验现金及现金等价物净增加额与三类活动净现金流的勾稽关系。,NCF=OCF+ICF+FCF,cash_flow_sheet,002907,华森制药,2023H1,2023,10279.786865,12457.264160999997,2177.4772959999973,fail
cash_flow_equation,校验现金及现金等价物净增加额与三类活动净现金流的勾稽关系。,NCF=OCF+ICF+FCF,cash_flow_sheet,603896,寿仙谷,2023H1,2023,9816.502826,7668.544793000002,2147.958032999998,fail
cash_flow_equation,校验现金及现金等价物净增加额与三类活动净现金流的勾稽关系。,NCF=OCF+ICF+FCF,cash_flow_sheet,600572,康恩贝,2025H1,2025,-51646.104570999996,-53675.61178600001,2029.5072150000124,fail
cash_flow_equation,校验现金及现金等价物净增加额与三类活动净现金流的勾稽关系。,NCF=OCF+ICF+FCF,cash_flow_sheet,000590,启迪药业,2022FY,2022,-1154.805593,-3182.8545669999967,2028.0489739999966,fail
cash_flow_equation,校验现金及现金等价物净增加额与三类活动净现金流的勾稽关系。,NCF=OCF+ICF+FCF,cash_flow_sheet,600085,同仁堂,2025H1,2025,32557.665618,34575.93952300001,2018.273905000009,fail
cash_flow_equation,校验现金及现金等价物净增加额与三类活动净现金流的勾稽关系。,NCF=OCF+ICF+FCF,cash_flow_sheet,600351,亚宝药业,2025H1,2025,6270.077974,4268.538248000004,2001.5397259999954,fail
cash_flow_equation,校验现金及现金等价物净增加额与三类活动净现金流的勾稽关系。,NCF=OCF+ICF+FCF,cash_flow_sheet,002907,华森制药,2024H1,2024,-13981.16281,-12018.465740999998,1962.6970690000016,fail
cash_flow_equation,校验现金及现金等价物净增加额与三类活动净现金流的勾稽关系。,NCF=OCF+ICF+FCF,cash_flow_sheet,603139,康惠制药,2022FY,2022,1462.622469,3336.094731000001,1873.4722620000011,fail
cash_flow_equation,校验现金及现金等价物净增加额与三类活动净现金流的勾稽关系。,NCF=OCF+ICF+FCF,cash_flow_sheet,600422,昆药集团,2023H1,2023,-38077.437148000005,-36265.303659,1812.133489000007,fail
cash_flow_equation,校验现金及现金等价物净增加额与三类活动净现金流的勾稽关系。,NCF=OCF+ICF+FCF,cash_flow_sheet,600557,康缘药业,2025Q1,2025,-7360.939353,-9009.624721999999,1648.685368999999,fail
cash_flow_equation,校验现金及现金等价物净增加额与三类活动净现金流的勾稽关系。,NCF=OCF+ICF+FCF,cash_flow_sheet,002907,华森制药,2024FY,2024,1898.7076260000001,276.4750200000035,1622.2326059999966,fail
cash_flow_equation,校验现金及现金等价物净增加额与三类活动净现金流的勾稽关系。,NCF=OCF+ICF+FCF,cash_flow_sheet,600671,天目药业,2023H1,2023,-3586.7712070000002,-2002.9042319999999,1583.8669750000004,fail
cash_flow_equation,校验现金及现金等价物净增加额与三类活动净现金流的勾稽关系。,NCF=OCF+ICF+FCF,cash_flow_sheet,301331,恩威医药,2024FY,2024,5340.700734,6896.645574,1555.94484,fail
cash_flow_equation,校验现金及现金等价物净增加额与三类活动净现金流的勾稽关系。,NCF=OCF+ICF+FCF,cash_flow_sheet,002166,莱茵生物,2025H1,2025,7426.932712000001,8964.858330000001,1537.9256180000002,fail
cash_flow_equation,校验现金及现金等价物净增加额与三类活动净现金流的勾稽关系。,NCF=OCF+ICF+FCF,cash_flow_sheet,603439,贵州三力,2022FY,2022,2660.1026420000003,4147.108661000001,1487.0060190000008,fail
cash_flow_equation,校验现金及现金等价物净增加额与三类活动净现金流的勾稽关系。,NCF=OCF+ICF+FCF,cash_flow_sheet,002898,赛隆药业,2022FY,2022,-4948.567392,-6213.079614,1264.5122220000003,fail
cash_flow_equation,校验现金及现金等价物净增加额与三类活动净现金流的勾稽关系。,NCF=OCF+ICF+FCF,cash_flow_sheet,002864,盘龙药业,2023H1,2023,-916.1412019999999,299.0847099999992,1215.225911999999,fail
cash_flow_equation,校验现金及现金等价物净增加额与三类活动净现金流的勾稽关系。,NCF=OCF+ICF+FCF,cash_flow_sheet,002317,众生药业,2023FY,2023,28949.058138999997,30119.092902999982,1170.0347639999854,fail
cash_flow_equation,校验现金及现金等价物净增加额与三类活动净现金流的勾稽关系。,NCF=OCF+ICF+FCF,cash_flow_sheet,600671,天目药业,2024H1,2024,-4568.636431,-3476.0273480000005,1092.6090829999994,fail
cash_flow_equation,校验现金及现金等价物净增加额与三类活动净现金流的勾稽关系。,NCF=OCF+ICF+FCF,cash_flow_sheet,002898,赛隆药业,2023H1,2023,-2011.4172019999999,-920.6940369999999,1090.7231649999999,fail
cash_flow_equation,校验现金及现金等价物净增加额与三类活动净现金流的勾稽关系。,NCF=OCF+ICF+FCF,cash_flow_sheet,002198,嘉应制药,2023Q1,2023,-189.431199,-1225.5789880000002,1036.147789,fail
cash_flow_equation,校验现金及现金等价物净增加额与三类活动净现金流的勾稽关系。,NCF=OCF+ICF+FCF,cash_flow_sheet,300869,康泰医学,2023Q1,2023,-25966.419479,-26865.352100999997,898.9326219999966,fail
cash_flow_equation,校验现金及现金等价物净增加额与三类活动净现金流的勾稽关系。,NCF=OCF+ICF+FCF,cash_flow_sheet,600976,健民集团,2024H1,2024,-9499.026815000001,-8628.211526000001,870.8152890000001,fail
cash_flow_equation,校验现金及现金等价物净增加额与三类活动净现金流的勾稽关系。,NCF=OCF+ICF+FCF,cash_flow_sheet,300026,红日药业,2023H1,2023,-3026.086992,-3858.3513569999996,832.2643649999995,fail
cash_flow_equation,校验现金及现金等价物净增加额与三类活动净现金流的勾稽关系。,NCF=OCF+ICF+FCF,cash_flow_sheet,300519,新光药业,2023H1,2023,-7595.816123999999,-6815.253457999999,780.5626659999998,fail
cash_flow_equation,校验现金及现金等价物净增加额与三类活动净现金流的勾稽关系。,NCF=OCF+ICF+FCF,cash_flow_sheet,300869,康泰医学,2023H1,2023,-19347.887928,-20074.068558000006,726.1806300000062,fail
cash_flow_equation,校验现金及现金等价物净增加额与三类活动净现金流的勾稽关系。,NCF=OCF+ICF+FCF,cash_flow_sheet,300869,康泰医学,2025Q3,2025,9355.119392,10054.382972,699.2635799999989,fail
cash_flow_equation,校验现金及现金等价物净增加额与三类活动净现金流的勾稽关系。,NCF=OCF+ICF+FCF,cash_flow_sheet,300519,新光药业,2023FY,2023,-7808.398736,-7147.485177,660.9135590000005,fail
cash_flow_equation,校验现金及现金等价物净增加额与三类活动净现金流的勾稽关系。,NCF=OCF+ICF+FCF,cash_flow_sheet,600771,广誉远,2022FY,2022,14947.215308,14302.805458000003,644.4098499999982,fail
cash_flow_equation,校验现金及现金等价物净增加额与三类活动净现金流的勾稽关系。,NCF=OCF+ICF+FCF,cash_flow_sheet,000999,华润三九,2022FY,2022,-4192.97921,-4827.796767000022,634.8175570000212,fail
cash_flow_equation,校验现金及现金等价物净增加额与三类活动净现金流的勾稽关系。,NCF=OCF+ICF+FCF,cash_flow_sheet,600671,天目药业,2025H1,2025,-3309.976638,-3910.681984,600.7053459999997,fail
cash_flow_equation,校验现金及现金等价物净增加额与三类活动净现金流的勾稽关系。,NCF=OCF+ICF+FCF,cash_flow_sheet,300534,陇神戎发,2025H1,2025,-9487.127448000001,-10077.518529,590.3910809999998,fail
cash_flow_equation,校验现金及现金等价物净增加额与三类活动净现金流的勾稽关系。,NCF=OCF+ICF+FCF,cash_flow_sheet,300869,康泰医学,2024Q3,2024,5134.978514,5682.545127999998,547.5666139999976,fail
cash_flow_equation,校验现金及现金等价物净增加额与三类活动净现金流的勾稽关系。,NCF=OCF+ICF+FCF,cash_flow_sheet,000538,云南白药,2023Q3,2023,-246.448572,-747.0007029999979,500.55213099999787,fail
cash_flow_equation,校验现金及现金等价物净增加额与三类活动净现金流的勾稽关系。,NCF=OCF+ICF+FCF,cash_flow_sheet,600557,康缘药业,2025H1,2025,-10609.130481,-10116.870199,492.2602819999993,fail
cash_flow_equation,校验现金及现金等价物净增加额与三类活动净现金流的勾稽关系。,NCF=OCF+ICF+FCF,cash_flow_sheet,600436,片仔癀,2023Q3,2023,13948.570883000002,13458.909680000012,489.66120299999056,fail
cash_flow_equation,校验现金及现金等价物净增加额与三类活动净现金流的勾稽关系。,NCF=OCF+ICF+FCF,cash_flow_sheet,600771,广誉远,2023H1,2023,2664.696888,2275.980309000006,388.716578999994,fail
cash_flow_equation,校验现金及现金等价物净增加额与三类活动净现金流的勾稽关系。,NCF=OCF+ICF+FCF,cash_flow_sheet,603439,贵州三力,2023H1,2023,-8464.939202,-8084.249350999999,380.689851000001,fail
cash_flow_equation,校验现金及现金等价物净增加额与三类活动净现金流的勾稽关系。,NCF=OCF+ICF+FCF,cash_flow_sheet,000790,华神科技,2023H1,2023,9057.881705,8691.220888,366.66081699999995,fail
cash_flow_equation,校验现金及现金等价物净增加额与三类活动净现金流的勾稽关系。,NCF=OCF+ICF+FCF,cash_flow_sheet,000590,启迪药业,2024FY,2024,-1747.499792,-2075.5736439999996,328.07385199999953,fail
cash_flow_equation,校验现金及现金等价物净增加额与三类活动净现金流的勾稽关系。,NCF=OCF+ICF+FCF,cash_flow_sheet,002349,精华制药,2023Q3,2023,-9185.232407,-9477.081606999998,291.84919999999875,fail
cash_flow_equation,校验现金及现金等价物净增加额与三类活动净现金流的勾稽关系。,NCF=OCF+ICF+FCF,cash_flow_sheet,300869,康泰医学,2024H1,2024,3679.535413,3389.590130999997,289.94528200000286,fail
cash_flow_equation,校验现金及现金等价物净增加额与三类活动净现金流的勾稽关系。,NCF=OCF+ICF+FCF,cash_flow_sheet,600422,昆药集团,2022FY,2022,8983.880625,8709.160420000004,274.720204999996,fail
cash_flow_equation,校验现金及现金等价物净增加额与三类活动净现金流的勾稽关系。,NCF=OCF+ICF+FCF,cash_flow_sheet,002107,沃华医药,2023H1,2023,5433.142364,5692.6686819999995,259.52631799999926,fail
cash_flow_equation,校验现金及现金等价物净增加额与三类活动净现金流的勾稽关系。,NCF=OCF+ICF+FCF,cash_flow_sheet,600572,康恩贝,2023H1,2023,3840.647054,3599.761909000008,240.885144999992,fail
cash_flow_equation,校验现金及现金等价物净增加额与三类活动净现金流的勾稽关系。,NCF=OCF+ICF+FCF,cash_flow_sheet,002349,精华制药,2023FY,2023,-1322.016954,-1521.7185100000006,199.70155600000066,fail
cash_flow_equation,校验现金及现金等价物净增加额与三类活动净现金流的勾稽关系。,NCF=OCF+ICF+FCF,cash_flow_sheet,300519,新光药业,2023Q1,2023,190.18071799999998,380.36143599999957,190.1807179999996,fail
cash_flow_equation,校验现金及现金等价物净增加额与三类活动净现金流的勾稽关系。,NCF=OCF+ICF+FCF,cash_flow_sheet,002349,精华制药,2023Q1,2023,-1293.767699,-1109.9625760000001,183.80512299999987,fail
cash_flow_equation,校验现金及现金等价物净增加额与三类活动净现金流的勾稽关系。,NCF=OCF+ICF+FCF,cash_flow_sheet,300869,康泰医学,2025H1,2025,5315.950517,5495.162918,179.21240099999977,fail
cash_flow_equation,校验现金及现金等价物净增加额与三类活动净现金流的勾稽关系。,NCF=OCF+ICF+FCF,cash_flow_sheet,300519,新光药业,2022FY,2022,2836.1984350000002,2659.198921000001,176.99951399999918,fail
cash_flow_equation,校验现金及现金等价物净增加额与三类活动净现金流的勾稽关系。,NCF=OCF+ICF+FCF,cash_flow_sheet,002275,桂林三金,2023Q3,2023,-2140.61609,-2287.1243329999998,146.50824299999977,fail
cash_flow_equation,校验现金及现金等价物净增加额与三类活动净现金流的勾稽关系。,NCF=OCF+ICF+FCF,cash_flow_sheet,600080,金花股份,2023H1,2023,3793.823913,3648.5472069999996,145.27670600000056,fail
cash_flow_equation,校验现金及现金等价物净增加额与三类活动净现金流的勾稽关系。,NCF=OCF+ICF+FCF,cash_flow_sheet,002275,桂林三金,2024FY,2024,3167.712764,3061.4773989999885,106.23536500001137,fail
cash_flow_equation,校验现金及现金等价物净增加额与三类活动净现金流的勾稽关系。,NCF=OCF+ICF+FCF,cash_flow_sheet,300026,红日药业,2025H1,2025,2631.8204100000003,2526.0182799999966,105.80213000000367,fail
cash_flow_equation,校验现金及现金等价物净增加额与三类活动净现金流的勾稽关系。,NCF=OCF+ICF+FCF,cash_flow_sheet,002166,莱茵生物,2024H1,2024,2639.256452,2539.8576760000014,99.39877599999863,fail
cash_flow_equation,校验现金及现金等价物净增加额与三类活动净现金流的勾稽关系。,NCF=OCF+ICF+FCF,cash_flow_sheet,600252,中恒集团,2025Q3,2025,616.092379,665.2937870000023,49.20140800000229,fail
cash_flow_equation,校验现金及现金等价物净增加额与三类活动净现金流的勾稽关系。,NCF=OCF+ICF+FCF,cash_flow_sheet,002166,莱茵生物,2024Q1,2024,17.400865,-0.4420799999998053,17.842944999999805,fail
eps_net_profit_sign_consistency,在股本为正的前提下，每股收益与净利润应保持同号。,\operatorname{sign}(EPS)=\operatorname{sign}(NP),core_performance_indicators_sheet+income_sheet,600252,中恒集团,2025Q3,2025,-0.0008,2464.037494,,fail
eps_net_profit_sign_consistency,在股本为正的前提下，每股收益与净利润应保持同号。,\operatorname{sign}(EPS)=\operatorname{sign}(NP),core_performance_indicators_sheet+income_sheet,600518,康美药业,2024Q3,2024,-0.001,501.55375999999995,,fail
eps_net_profit_sign_consistency,在股本为正的前提下，每股收益与净利润应保持同号。,\operatorname{sign}(EPS)=\operatorname{sign}(NP),core_performance_indicators_sheet+income_sheet,600671,天目药业,2024Q3,2024,0.12,-369.554606,,fail
eps_net_profit_sign_consistency,在股本为正的前提下，每股收益与净利润应保持同号。,\operatorname{sign}(EPS)=\operatorname{sign}(NP),core_performance_indicators_sheet+income_sheet,002219,新里程,2023Q3,2023,-0.0072,3341.809137,,fail
gross_profit_margin_consistency,以择优收入口径校验毛利率，避免因收入选取错误造成假异常。,GPM=\frac{R^*-C}{R^*}\times 100\%,core_performance_indicators_sheet+income_sheet,002390,信邦制药,2025Q1,2025,0.02,16.08271424219694,16.06271424219694,fail
gross_profit_margin_consistency,以择优收入口径校验毛利率，避免因收入选取错误造成假异常。,GPM=\frac{R^*-C}{R^*}\times 100\%,core_performance_indicators_sheet+income_sheet,002773,康弘药业,2024Q1,2024,99.99894895475208,89.48954752080364,10.50940143394844,fail
gross_profit_margin_consistency,以择优收入口径校验毛利率，避免因收入选取错误造成假异常。,GPM=\frac{R^*-C}{R^*}\times 100\%,core_performance_indicators_sheet+income_sheet,002773,康弘药业,2025Q1,2025,99.99895549638387,89.55496383867383,10.443991657710043,fail
gross_profit_margin_consistency,以择优收入口径校验毛利率，避免因收入选取错误造成假异常。,GPM=\frac{R^*-C}{R^*}\times 100\%,core_performance_indicators_sheet+income_sheet,002773,康弘药业,2024Q3,2024,99.99898775623117,89.87756231165285,10.121425444578321,fail
gross_profit_margin_consistency,以择优收入口径校验毛利率，避免因收入选取错误造成假异常。,GPM=\frac{R^*-C}{R^*}\times 100\%,core_performance_indicators_sheet+income_sheet,002773,康弘药业,2025Q3,2025,99.99903286191602,90.3286191601083,9.670413701807718,fail
net_profit_excl_non_recurring_yoy_consistency,按同报告期跨年对齐，校验扣非净利润同比字段。,YoY_t=\frac{x_t-x_{t-1}}{|x_{t-1}|}\times 100\%,core_performance_indicators_sheet,600535,天士力,2025Q3,2025,-15.59,2614106340.762926,2614106356.3529263,fail
net_profit_excl_non_recurring_yoy_consistency,按同报告期跨年对齐，校验扣非净利润同比字段。,YoY_t=\frac{x_t-x_{t-1}}{|x_{t-1}|}\times 100\%,core_performance_indicators_sheet,600332,白云山,2025H1,2025,-5.78,94122.40945851328,94128.18945851328,fail
net_profit_excl_non_recurring_yoy_consistency,按同报告期跨年对齐，校验扣非净利润同比字段。,YoY_t=\frac{x_t-x_{t-1}}{|x_{t-1}|}\times 100\%,core_performance_indicators_sheet,600332,白云山,2025Q1,2025,-8.67,91229.47460678544,91238.14460678544,fail
net_profit_excl_non_recurring_yoy_consistency,按同报告期跨年对齐，校验扣非净利润同比字段。,YoY_t=\frac{x_t-x_{t-1}}{|x_{t-1}|}\times 100\%,core_performance_indicators_sheet,002603,以岭药业,2025Q3,2025,90.53,37477.92309954119,37387.393099541194,fail
net_profit_excl_non_recurring_yoy_consistency,按同报告期跨年对齐，校验扣非净利润同比字段。,YoY_t=\frac{x_t-x_{t-1}}{|x_{t-1}|}\times 100\%,core_performance_indicators_sheet,300534,陇神戎发,2024Q3,2024,-44.98,17811.721057003426,17856.701057003425,fail
net_profit_excl_non_recurring_yoy_consistency,按同报告期跨年对齐，校验扣非净利润同比字段。,YoY_t=\frac{x_t-x_{t-1}}{|x_{t-1}|}\times 100\%,core_performance_indicators_sheet,002566,益盛药业,2025Q3,2025,-37.81,11840.56802294509,11878.37802294509,fail
net_profit_excl_non_recurring_yoy_consistency,按同报告期跨年对齐，校验扣非净利润同比字段。,YoY_t=\frac{x_t-x_{t-1}}{|x_{t-1}|}\times 100\%,core_performance_indicators_sheet,002737,葵花药业,2025Q3,2025,-117.68,-11065.564627430165,10947.884627430165,fail
net_profit_excl_non_recurring_yoy_consistency,按同报告期跨年对齐，校验扣非净利润同比字段。,YoY_t=\frac{x_t-x_{t-1}}{|x_{t-1}|}\times 100\%,core_performance_indicators_sheet,600771,广誉远,2024Q3,2024,-18.13,2342.0940316269566,2360.2240316269567,fail
net_profit_excl_non_recurring_yoy_consistency,按同报告期跨年对齐，校验扣非净利润同比字段。,YoY_t=\frac{x_t-x_{t-1}}{|x_{t-1}|}\times 100\%,core_performance_indicators_sheet,002082,万邦德,2025Q3,2025,-952.19,-166.81389324724424,785.3761067527558,fail
net_profit_excl_non_recurring_yoy_consistency,按同报告期跨年对齐，校验扣非净利润同比字段。,YoY_t=\frac{x_t-x_{t-1}}{|x_{t-1}|}\times 100\%,core_performance_indicators_sheet,603567,珍宝岛,2024Q3,2024,665.94,81.80032124608215,584.1396787539179,fail
net_profit_excl_non_recurring_yoy_consistency,按同报告期跨年对齐，校验扣非净利润同比字段。,YoY_t=\frac{x_t-x_{t-1}}{|x_{t-1}|}\times 100\%,core_performance_indicators_sheet,000650,仁和药业,2025Q3,2025,-8.59,441.4877754500223,450.0777754500223,fail
net_profit_excl_non_recurring_yoy_consistency,按同报告期跨年对齐，校验扣非净利润同比字段。,YoY_t=\frac{x_t-x_{t-1}}{|x_{t-1}|}\times 100\%,core_performance_indicators_sheet,301331,恩威医药,2025Q3,2025,55.91,504.94363310936734,449.0336331093673,fail
net_profit_excl_non_recurring_yoy_consistency,按同报告期跨年对齐，校验扣非净利润同比字段。,YoY_t=\frac{x_t-x_{t-1}}{|x_{t-1}|}\times 100\%,core_performance_indicators_sheet,600771,广誉远,2024H1,2024,4.77,409.1894734575776,404.4194734575776,fail
net_profit_excl_non_recurring_yoy_consistency,按同报告期跨年对齐，校验扣非净利润同比字段。,YoY_t=\frac{x_t-x_{t-1}}{|x_{t-1}|}\times 100\%,core_performance_indicators_sheet,600771,广誉远,2024Q1,2024,76.13,399.1753803302896,323.0453803302896,fail
net_profit_excl_non_recurring_yoy_consistency,按同报告期跨年对齐，校验扣非净利润同比字段。,YoY_t=\frac{x_t-x_{t-1}}{|x_{t-1}|}\times 100\%,core_performance_indicators_sheet,000989,九芝堂,2025Q3,2025,-39.62,282.145050498056,321.765050498056,fail
net_profit_excl_non_recurring_yoy_consistency,按同报告期跨年对齐，校验扣非净利润同比字段。,YoY_t=\frac{x_t-x_{t-1}}{|x_{t-1}|}\times 100\%,core_performance_indicators_sheet,300181,佐力药业,2025Q3,2025,22.51,313.5481358135575,291.0381358135575,fail
net_profit_excl_non_recurring_yoy_consistency,按同报告期跨年对齐，校验扣非净利润同比字段。,YoY_t=\frac{x_t-x_{t-1}}{|x_{t-1}|}\times 100\%,core_performance_indicators_sheet,000590,启迪药业,2025Q3,2025,35.13,-175.94698185429814,211.07698185429814,fail
net_profit_excl_non_recurring_yoy_consistency,按同报告期跨年对齐，校验扣非净利润同比字段。,YoY_t=\frac{x_t-x_{t-1}}{|x_{t-1}|}\times 100\%,core_performance_indicators_sheet,002907,华森制药,2025Q3,2025,-13.03,182.62873361190765,195.65873361190765,fail
net_profit_excl_non_recurring_yoy_consistency,按同报告期跨年对齐，校验扣非净利润同比字段。,YoY_t=\frac{x_t-x_{t-1}}{|x_{t-1}|}\times 100\%,core_performance_indicators_sheet,002864,盘龙药业,2025Q3,2025,2.33,176.2074532185697,173.87745321856968,fail
net_profit_excl_non_recurring_yoy_consistency,按同报告期跨年对齐，校验扣非净利润同比字段。,YoY_t=\frac{x_t-x_{t-1}}{|x_{t-1}|}\times 100\%,core_performance_indicators_sheet,300534,陇神戎发,2025Q3,2025,31.14,-88.11091340570249,119.25091340570249,fail
net_profit_excl_non_recurring_yoy_consistency,按同报告期跨年对齐，校验扣非净利润同比字段。,YoY_t=\frac{x_t-x_{t-1}}{|x_{t-1}|}\times 100\%,core_performance_indicators_sheet,300534,陇神戎发,2023FY,2023,296.66,183.76232994928856,112.89767005071147,fail
net_profit_excl_non_recurring_yoy_consistency,按同报告期跨年对齐，校验扣非净利润同比字段。,YoY_t=\frac{x_t-x_{t-1}}{|x_{t-1}|}\times 100\%,core_performance_indicators_sheet,002728,特一药业,2024FY,2024,13.0,-92.54958148383393,105.54958148383393,fail
net_profit_excl_non_recurring_yoy_consistency,按同报告期跨年对齐，校验扣非净利润同比字段。,YoY_t=\frac{x_t-x_{t-1}}{|x_{t-1}|}\times 100\%,core_performance_indicators_sheet,002166,莱茵生物,2025Q3,2025,-41.21,56.903772684670336,98.11377268467034,fail
net_profit_excl_non_recurring_yoy_consistency,按同报告期跨年对齐，校验扣非净利润同比字段。,YoY_t=\frac{x_t-x_{t-1}}{|x_{t-1}|}\times 100\%,core_performance_indicators_sheet,300878,维康药业,2023Q3,2023,-19.76,77.8982032374024,97.6582032374024,fail
net_profit_excl_non_recurring_yoy_consistency,按同报告期跨年对齐，校验扣非净利润同比字段。,YoY_t=\frac{x_t-x_{t-1}}{|x_{t-1}|}\times 100\%,core_performance_indicators_sheet,002589,瑞康医药,2025H1,2025,42.54,-53.28669894448461,95.8266989444846,fail
net_profit_excl_non_recurring_yoy_consistency,按同报告期跨年对齐，校验扣非净利润同比字段。,YoY_t=\frac{x_t-x_{t-1}}{|x_{t-1}|}\times 100\%,core_performance_indicators_sheet,603567,珍宝岛,2024H1,2024,313.74,405.8256712862483,92.08567128624827,fail
net_profit_excl_non_recurring_yoy_consistency,按同报告期跨年对齐，校验扣非净利润同比字段。,YoY_t=\frac{x_t-x_{t-1}}{|x_{t-1}|}\times 100\%,core_performance_indicators_sheet,000999,华润三九,2025Q3,2025,-20.56,-99.50723991707224,78.94723991707224,fail
net_profit_excl_non_recurring_yoy_consistency,按同报告期跨年对齐，校验扣非净利润同比字段。,YoY_t=\frac{x_t-x_{t-1}}{|x_{t-1}|}\times 100\%,core_performance_indicators_sheet,600479,千金药业,2023FY,2023,63.0,8.506794594156517,54.49320540584348,fail
net_profit_excl_non_recurring_yoy_consistency,按同报告期跨年对齐，校验扣非净利润同比字段。,YoY_t=\frac{x_t-x_{t-1}}{|x_{t-1}|}\times 100\%,core_performance_indicators_sheet,002589,瑞康医药,2024FY,2024,38.84,86.1657289536396,47.3257289536396,fail
net_profit_excl_non_recurring_yoy_consistency,按同报告期跨年对齐，校验扣非净利润同比字段。,YoY_t=\frac{x_t-x_{t-1}}{|x_{t-1}|}\times 100\%,core_performance_indicators_sheet,600422,昆药集团,2025Q3,2025,-59.52,-100.00004363388912,40.48004363388912,fail
net_profit_excl_non_recurring_yoy_consistency,按同报告期跨年对齐，校验扣非净利润同比字段。,YoY_t=\frac{x_t-x_{t-1}}{|x_{t-1}|}\times 100\%,core_performance_indicators_sheet,603439,贵州三力,2025Q3,2025,-64.49,-102.43408154847977,37.94408154847977,fail
net_profit_excl_non_recurring_yoy_consistency,按同报告期跨年对齐，校验扣非净利润同比字段。,YoY_t=\frac{x_t-x_{t-1}}{|x_{t-1}|}\times 100\%,core_performance_indicators_sheet,600479,千金药业,2024FY,2024,9.34,-27.922345349089227,37.26234534908923,fail
net_profit_excl_non_recurring_yoy_consistency,按同报告期跨年对齐，校验扣非净利润同比字段。,YoY_t=\frac{x_t-x_{t-1}}{|x_{t-1}|}\times 100\%,core_performance_indicators_sheet,002589,瑞康医药,2025Q3,2025,184.63,218.26189894017668,33.63189894017668,fail
net_profit_excl_non_recurring_yoy_consistency,按同报告期跨年对齐，校验扣非净利润同比字段。,YoY_t=\frac{x_t-x_{t-1}}{|x_{t-1}|}\times 100\%,core_performance_indicators_sheet,002424,贵州百灵,2025H1,2025,-57.48,-88.21084966681983,30.73084966681983,fail
net_profit_excl_non_recurring_yoy_consistency,按同报告期跨年对齐，校验扣非净利润同比字段。,YoY_t=\frac{x_t-x_{t-1}}{|x_{t-1}|}\times 100\%,core_performance_indicators_sheet,600566,济川药业,2024FY,2024,-15.84,11.701385493334403,27.541385493334403,fail
net_profit_excl_non_recurring_yoy_consistency,按同报告期跨年对齐，校验扣非净利润同比字段。,YoY_t=\frac{x_t-x_{t-1}}{|x_{t-1}|}\times 100\%,core_performance_indicators_sheet,000790,华神科技,2024Q3,2024,-81.3,-64.82319163891654,16.476808361083457,fail
net_profit_excl_non_recurring_yoy_consistency,按同报告期跨年对齐，校验扣非净利润同比字段。,YoY_t=\frac{x_t-x_{t-1}}{|x_{t-1}|}\times 100\%,core_performance_indicators_sheet,000989,九芝堂,2025H1,2025,-28.45,-42.43007396844651,13.980073968446508,fail
net_profit_qoq_consistency,依据累计值还原单季度值后，校验净利润环比字段。,QoQ_t=\frac{x_t-x_{t-1}}{|x_{t-1}|}\times 100\%,core_performance_indicators_sheet+income_sheet,300391,长药控股,2023FY,2023,-662.3830706516111,-434.4993203401046,227.8837503115065,fail
net_profit_qoq_consistency,依据累计值还原单季度值后，校验净利润环比字段。,QoQ_t=\frac{x_t-x_{t-1}}{|x_{t-1}|}\times 100\%,core_performance_indicators_sheet+income_sheet,600594,益佰制药,2025Q3,2025,-344.6272650421141,-533.8761969799843,189.24893193787022,fail
net_profit_qoq_consistency,依据累计值还原单季度值后，校验净利润环比字段。,QoQ_t=\frac{x_t-x_{t-1}}{|x_{t-1}|}\times 100\%,core_performance_indicators_sheet+income_sheet,002589,瑞康医药,2025Q3,2025,-250.92084385642525,-375.18904954446725,124.268205688042,fail
net_profit_qoq_consistency,依据累计值还原单季度值后，校验净利润环比字段。,QoQ_t=\frac{x_t-x_{t-1}}{|x_{t-1}|}\times 100\%,core_performance_indicators_sheet+income_sheet,300147,香雪制药,2023FY,2023,-203.31183184876159,-290.1081268612543,86.79629501249269,fail
net_profit_qoq_consistency,依据累计值还原单季度值后，校验净利润环比字段。,QoQ_t=\frac{x_t-x_{t-1}}{|x_{t-1}|}\times 100\%,core_performance_indicators_sheet+income_sheet,002219,新里程,2025Q3,2025,-192.68893739715145,-151.90562479242467,40.783312604726774,fail
net_profit_qoq_consistency,依据累计值还原单季度值后，校验净利润环比字段。,QoQ_t=\frac{x_t-x_{t-1}}{|x_{t-1}|}\times 100\%,core_performance_indicators_sheet+income_sheet,002589,瑞康医药,2025H1,2025,-71.80632334438172,-106.52897375634855,34.722650411966825,fail
net_profit_qoq_consistency,依据累计值还原单季度值后，校验净利润环比字段。,QoQ_t=\frac{x_t-x_{t-1}}{|x_{t-1}|}\times 100\%,core_performance_indicators_sheet+income_sheet,300147,香雪制药,2023Q3,2023,-13.539476314491353,6.567935380288274,20.10741169477963,fail
roe_consistency,在年报、正权益且符号一致条件下，以保守口径校验 ROE。,ROE=\frac{NP}{E}\times 100\%,core_performance_indicators_sheet+income_sheet+balance_sheet,600671,天目药业,2024FY,2024,34.06,17.932280346002038,16.127719653997964,fail
